filled_at,symbol,side,shares,price,amount,reason,agent_public_id,run_public_id,experiment_run_public_id,closed_pnl,dir,fee
2025-11-17T05:23:11.168Z,XYZ100,BUY,0.0023,25196.0000,-57.95,Open Long,,,,0.000000,Open Long,0.052155
2025-11-17T07:21:59.577Z,XYZ100,SELL,0.001,25196.0000,25.20,Close Long,,,,0.000000,Close Long,0.007558
2025-11-17T12:40:24.293Z,NVDA,BUY,0.06,188.1500,-11.29,Open Long,,,,0.000000,Open Long,0.010160
2025-11-17T12:40:26.668Z,NVDA,SELL,0.06,188.1300,11.29,Close Long,,,,-0.001200,Close Long,0.010159
2025-11-17T13:08:28.390Z,XYZ100,SELL,0.0013,25044.0000,32.56,Close Long,,,,-0.197587,Close Long,0.029301
2025-11-17T13:09:36.573Z,NVDA,BUY,0.23,187.7500,-43.18,Open Long,,,,0.000000,Open Long,0.038864
2025-11-17T13:09:36.821Z,NVDA,SELL,0.23,187.7400,43.18,Close Long,,,,-0.002300,Close Long,0.038862
2025-11-17T13:27:00.370Z,XYZ100,BUY,0.0796,25010.0000,-1990.80,Open Long,,,,0.000000,Open Long,1.791716
2025-11-17T13:27:02.812Z,XYZ100,SELL,0.0796,25009.0000,1990.72,Close Long,,,,-0.079600,Close Long,1.791644
2025-11-18T23:38:00.052Z,TSLA,SELL,0.93,400.9600,372.89,Open Short,,,,0.000000,Open Short,0.335603
2025-11-19T00:00:42.400Z,TSLA,BUY,0.93,400.3500,-372.33,Close Short,,,,0.567300,Close Short,0.335092
2025-11-19T18:07:53.005Z,PLTR,SELL,4.56,164.0900,748.25,Open Short,,,,0.000000,Open Short,0.224475
2025-11-19T19:21:09.036Z,PLTR,BUY,4.56,164.1961,-748.73,Close Short,,,,-0.483800,Close Short,0.673860
2025-11-19T19:29:15.965Z,NVDA,BUY,2.97,184.5000,-547.97,Open Long,,,,0.000000,Open Long,0.164389
2025-11-19T19:44:24.892Z,NVDA,SELL,2.97,184.8300,548.95,Close Long,,,,0.980100,Close Long,0.494048
2025-11-19T21:09:44.502Z,NVDA,BUY,15.666,186.8500,-2927.19,Open Long,,,,0.000000,Open Long,0.878157
2025-11-19T21:10:25.722Z,NVDA,BUY,112.634,186.8500,-21045.66,Open Long,,,,0.000000,Open Long,6.313698
2025-11-19T23:12:13.141Z,GOOGL,SELL,12.1,297.7400,3602.65,Open Short,,,,0.000000,Open Short,1.080796
2025-11-20T03:03:52.988Z,NVDA,BUY,5,195.8800,-979.40,Open Long,,,,0.000000,Open Long,0.293820
2025-11-20T04:50:26.689Z,GOOGL,BUY,12.1,301.9252,-3653.29,Close Short,,,,-50.640640,Close Short,3.287964
2025-11-20T06:42:47.006Z,GOOGL,SELL,16.75,298.5100,5000.04,Open Short,,,,0.000000,Open Short,4.500035
2025-11-20T07:15:09.646Z,GOOGL,SELL,2,299.6600,599.32,Open Short,,,,0.000000,Open Short,0.179795
2025-11-20T07:15:15.289Z,GOOGL,SELL,3.337,299.6600,999.97,Open Short,,,,0.000000,Open Short,0.299989
2025-11-20T07:15:15.555Z,GOOGL,SELL,2,299.6600,599.32,Open Short,,,,0.000000,Open Short,0.179795
2025-11-20T07:15:20.288Z,GOOGL,SELL,3.337,299.6600,999.97,Open Short,,,,0.000000,Open Short,0.299989
2025-11-20T07:15:21.090Z,GOOGL,SELL,2,299.6600,599.32,Open Short,,,,0.000000,Open Short,0.179795
2025-11-20T07:15:25.744Z,GOOGL,SELL,3.337,299.6600,999.97,Open Short,,,,0.000000,Open Short,0.299989
2025-11-20T07:15:26.763Z,GOOGL,SELL,0.739,299.6600,221.45,Open Short,,,,0.000000,Open Short,0.066434
2025-11-20T13:23:46.830Z,GOOGL,SELL,31.96,302.3100,9661.83,Open Short,,,,0.000000,Open Short,8.695644
2025-11-20T14:07:38.220Z,XYZ100,BUY,0.12,25158.0000,-3018.96,Open Long,,,,0.000000,Open Long,2.717064
2025-11-20T14:45:40.251Z,NVDA,BUY,24.77,193.4900,-4792.75,Open Long,,,,0.000000,Open Long,1.437824
2025-11-20T14:45:42.560Z,NVDA,BUY,1.23,193.4900,-237.99,Open Long,,,,0.000000,Open Long,0.071397
2025-11-20T15:05:00.401Z,GOOGL,SELL,2.959,304.9000,902.20,Open Short,,,,0.000000,Open Short,0.811975
2025-11-20T15:05:17.010Z,GOOGL,SELL,0.038,304.9000,11.59,Open Short,,,,0.000000,Open Short,0.003475
2025-11-20T15:10:21.427Z,GOOGL,SELL,7.003,304.9000,2135.21,Open Short,,,,0.000000,Open Short,0.640564
2025-11-20T15:28:52.132Z,GOOGL,SELL,0.109,304.5000,33.19,Open Short,,,,0.000000,Open Short,0.009957
2025-11-20T15:29:06.406Z,GOOGL,SELL,0.199,304.5000,60.60,Open Short,,,,0.000000,Open Short,0.018178
2025-11-20T15:29:10.056Z,GOOGL,SELL,1.636,304.5000,498.16,Open Short,,,,0.000000,Open Short,0.149448
2025-11-20T15:29:22.006Z,GOOGL,SELL,0.109,304.5000,33.19,Open Short,,,,0.000000,Open Short,0.009957
2025-11-20T15:29:37.073Z,GOOGL,SELL,17.947,304.5000,5464.86,Open Short,,,,0.000000,Open Short,1.639458
2025-11-20T16:13:17.056Z,NVDA,BUY,3.763,190.2800,-716.02,Open Long,,,,0.000000,Open Long,0.214807
2025-11-20T16:13:21.051Z,NVDA,BUY,0.071,190.2800,-13.51,Open Long,,,,0.000000,Open Long,0.004052
2025-11-20T16:13:24.063Z,NVDA,BUY,1.639,190.2800,-311.87,Open Long,,,,0.000000,Open Long,0.093560
2025-11-20T16:14:18.554Z,NVDA,BUY,1.278,190.2800,-243.18,Open Long,,,,0.000000,Open Long,0.072953
2025-11-20T16:14:21.051Z,NVDA,BUY,0.071,190.2800,-13.51,Open Long,,,,0.000000,Open Long,0.004052
2025-11-20T16:14:24.032Z,NVDA,BUY,1.64,190.2800,-312.06,Open Long,,,,0.000000,Open Long,0.093617
2025-11-20T16:14:24.148Z,NVDA,BUY,3.242,190.2800,-616.89,Open Long,,,,0.000000,Open Long,0.185066
2025-11-20T16:14:24.829Z,NVDA,BUY,5,190.2800,-951.40,Open Long,,,,0.000000,Open Long,0.285420
2025-11-20T16:14:25.328Z,NVDA,BUY,9.616,190.2800,-1829.73,Open Long,,,,0.000000,Open Long,0.548919
2025-11-20T16:26:59.873Z,GOOGL,SELL,11.33,300.5800,3405.57,Open Short,,,,0.000000,Open Short,1.021671
2025-11-20T16:40:09.574Z,NVDA,BUY,16,187.8400,-3005.44,Open Long,,,,0.000000,Open Long,2.704895
2025-11-20T16:53:12.091Z,GOOGL,SELL,16.73,298.5200,4994.24,Open Short,,,,0.000000,Open Short,1.498271
2025-11-20T16:57:14.570Z,XYZ100,SELL,0.12,24507.0000,2940.84,Close Long,,,,-78.120000,Close Long,2.646756
2025-11-20T17:14:46.087Z,NVDA,SELL,201.62,184.1343,37125.16,Close Long,,,,-871.337280,Close Long,33.412632
2025-11-20T17:14:51.950Z,GOOGL,SELL,0.939,295.4900,277.47,Open Short,,,,0.000000,Open Short,0.083239
2025-11-20T17:14:58.876Z,GOOGL,SELL,4.233,295.4900,1250.81,Open Short,,,,0.000000,Open Short,0.375242
2025-11-20T17:47:19.471Z,PLTR,BUY,0.803,156.3800,-125.57,Open Long,,,,0.000000,Open Long,0.037671
2025-11-20T17:47:39.537Z,PLTR,BUY,10.363,156.3800,-1620.57,Open Long,,,,0.000000,Open Long,0.486169
2025-11-20T17:47:41.633Z,PLTR,BUY,0.574,156.3800,-89.76,Open Long,,,,0.000000,Open Long,0.026928
2025-11-20T17:57:38.511Z,PLTR,BUY,0.051,157.3900,-8.03,Open Long,,,,0.000000,Open Long,0.002408
2025-11-20T17:59:18.312Z,GOOGL,SELL,44.828,295.4900,13246.23,Open Short,,,,0.000000,Open Short,3.973867
2025-11-20T18:10:09.499Z,PLTR,SELL,11.791,158.7100,1871.35,Close Long,,,,27.425866,Close Long,1.684214
2025-11-20T18:23:15.071Z,PLTR,BUY,18,158.3700,-2850.66,Open Long,,,,0.000000,Open Long,2.565594
2025-11-20T18:58:26.937Z,PLTR,BUY,16.6,156.8100,-2603.05,Open Long,,,,0.000000,Open Long,0.780913
2025-11-20T19:40:41.663Z,PLTR,BUY,0.127,157.1600,-19.96,Open Long,,,,0.000000,Open Long,0.005987
2025-11-20T19:40:47.176Z,PLTR,BUY,0.078,157.1600,-12.26,Open Long,,,,0.000000,Open Long,0.003677
2025-11-20T19:40:52.111Z,PLTR,BUY,0.333,157.1600,-52.33,Open Long,,,,0.000000,Open Long,0.015700
2025-11-20T19:41:22.098Z,PLTR,BUY,0.332,157.1600,-52.18,Open Long,,,,0.000000,Open Long,0.015653
2025-11-20T19:41:48.095Z,PLTR,BUY,0.078,157.1600,-12.26,Open Long,,,,0.000000,Open Long,0.003677
2025-11-20T19:41:52.020Z,PLTR,BUY,0.332,157.1600,-52.18,Open Long,,,,0.000000,Open Long,0.015653
2025-11-20T20:22:47.347Z,PLTR,BUY,31.941,157.8500,-5041.89,Open Long,,,,0.000000,Open Long,1.512566
2025-11-20T20:22:48.035Z,PLTR,BUY,7.165,157.8500,-1131.00,Open Long,,,,0.000000,Open Long,0.339297
2025-11-20T20:22:49.783Z,PLTR,BUY,0.894,157.8500,-141.12,Open Long,,,,0.000000,Open Long,0.042335
2025-11-20T20:42:20.495Z,GOOGL,BUY,10,290.4500,-2904.50,Close Short,,,,91.950000,Close Short,2.614050
2025-11-20T20:42:20.495Z,GOOGL,BUY,11.33,290.4500,-3290.80,Close Short,,,,104.179350,Close Short,2.961718
2025-11-20T20:42:20.495Z,GOOGL,BUY,16.73,290.4984,-4860.04,Close Short,,,,153.022570,Close Short,4.374025
2025-11-20T20:42:20.495Z,GOOGL,BUY,20,290.5815,-5811.63,Close Short,,,,181.269600,Close Short,5.230459
2025-11-20T20:42:20.495Z,GOOGL,BUY,50,292.2336,-14611.68,Close Short,,,,370.571540,Close Short,13.150508
2025-11-20T20:43:47.030Z,GOOGL,SELL,0.04,290.3700,11.61,Open Short,,,,0.000000,Open Short,0.003484
2025-11-20T20:43:51.002Z,GOOGL,SELL,0.04,290.3700,11.61,Open Short,,,,0.000000,Open Short,0.003484
2025-11-20T20:43:57.027Z,GOOGL,SELL,0.468,290.3700,135.89,Open Short,,,,0.000000,Open Short,0.040767
2025-11-20T20:44:27.047Z,GOOGL,SELL,0.469,290.3700,136.18,Open Short,,,,0.000000,Open Short,0.040855
2025-11-20T20:45:14.644Z,GOOGL,BUY,51.63,290.3275,-14989.61,Close Short,,,,473.729240,Close Short,13.490635
2025-11-20T21:13:32.927Z,PLTR,SELL,75.88,155.4510,11795.62,Close Long,,,,-173.233640,Close Long,10.616040
2025-11-20T21:34:53.444Z,PLTR,BUY,49.182,154.8100,-7613.87,Open Long,,,,0.000000,Open Long,6.852473
2025-11-20T21:35:11.313Z,PLTR,BUY,3.284,154.8100,-508.40,Open Long,,,,0.000000,Open Long,0.152518
2025-11-20T21:35:32.173Z,PLTR,BUY,3.372,154.8100,-522.02,Open Long,,,,0.000000,Open Long,0.156605
2025-11-20T21:35:48.114Z,PLTR,BUY,0.079,154.8100,-12.23,Open Long,,,,0.000000,Open Long,0.003668
2025-11-20T21:36:18.046Z,PLTR,BUY,0.079,154.8100,-12.23,Open Long,,,,0.000000,Open Long,0.003668
2025-11-20T21:36:48.006Z,PLTR,BUY,0.079,154.8100,-12.23,Open Long,,,,0.000000,Open Long,0.003668
2025-11-20T21:37:24.223Z,PLTR,BUY,3.202,154.8100,-495.70,Open Long,,,,0.000000,Open Long,0.148710
2025-11-20T21:37:45.192Z,PLTR,BUY,3.106,154.8100,-480.84,Open Long,,,,0.000000,Open Long,0.144251
2025-11-20T21:37:48.075Z,PLTR,BUY,0.079,154.8100,-12.23,Open Long,,,,0.000000,Open Long,0.003668
2025-11-20T21:38:06.095Z,PLTR,BUY,2.736,154.8100,-423.56,Open Long,,,,0.000000,Open Long,0.127068
2025-11-20T21:38:06.151Z,PLTR,BUY,1.416,154.8100,-219.21,Open Long,,,,0.000000,Open Long,0.065763
2025-11-20T21:38:18.013Z,PLTR,BUY,0.079,154.8100,-12.23,Open Long,,,,0.000000,Open Long,0.003668
2025-11-20T21:38:26.861Z,PLTR,BUY,2.911,154.8100,-450.65,Open Long,,,,0.000000,Open Long,0.135195
2025-11-20T21:38:47.804Z,PLTR,BUY,2.602,154.8100,-402.82,Open Long,,,,0.000000,Open Long,0.120844
2025-11-20T21:48:58.786Z,PLTR,SELL,72.206,154.8100,11178.21,Close Long,,,,0.000000,Close Long,10.060389
2025-11-20T22:23:18.011Z,PLTR,BUY,0.081,152.1400,-12.32,Open Long,,,,0.000000,Open Long,0.003697
2025-11-20T22:25:20.389Z,PLTR,BUY,13.565,152.1400,-2063.78,Open Long,,,,0.000000,Open Long,0.619133
2025-11-20T22:25:26.153Z,PLTR,BUY,0.177,152.1400,-26.93,Open Long,,,,0.000000,Open Long,0.008078
2025-11-20T22:25:47.075Z,PLTR,BUY,0.153,152.1400,-23.28,Open Long,,,,0.000000,Open Long,0.006983
2025-11-20T23:15:18.079Z,PLTR,BUY,2.215,153.5300,-340.07,Open Long,,,,0.000000,Open Long,0.102019
2025-11-20T23:15:48.008Z,PLTR,BUY,2.215,153.5300,-340.07,Open Long,,,,0.000000,Open Long,0.102019
2025-11-20T23:16:18.103Z,PLTR,BUY,2.215,153.5300,-340.07,Open Long,,,,0.000000,Open Long,0.102019
2025-11-20T23:16:33.981Z,PLTR,BUY,63.355,153.5300,-9726.89,Open Long,,,,0.000000,Open Long,2.918067
2025-11-20T23:38:08.362Z,PLTR,BUY,9.224,155.4400,-1433.78,Open Long,,,,0.000000,Open Long,0.430133
2025-11-20T23:38:11.112Z,PLTR,BUY,10.776,155.4400,-1675.02,Open Long,,,,0.000000,Open Long,0.502506
2025-11-21T00:00:35.737Z,NVDA,BUY,8.722,180.6600,-1575.72,Open Long,,,,0.000000,Open Long,1.418135
2025-11-21T00:01:03.741Z,NVDA,BUY,5,180.6600,-903.30,Open Long,,,,0.000000,Open Long,0.270990
2025-11-21T00:01:06.204Z,NVDA,BUY,0.068,180.6600,-12.28,Open Long,,,,0.000000,Open Long,0.003685
2025-11-21T00:02:57.158Z,NVDA,BUY,0.355,180.6600,-64.13,Open Long,,,,0.000000,Open Long,0.019240
2025-11-21T00:03:02.035Z,NVDA,BUY,5,180.6600,-903.30,Open Long,,,,0.000000,Open Long,0.270990
2025-11-21T00:03:04.014Z,NVDA,BUY,19.885,180.6600,-3592.42,Open Long,,,,0.000000,Open Long,1.077727
2025-11-21T00:23:45.674Z,NVDA,SELL,39.03,181.1900,7071.85,Close Long,,,,20.685900,Close Long,6.364661
2025-11-21T00:24:19.796Z,PLTR,BUY,0.269,156.0100,-41.97,Open Long,,,,0.000000,Open Long,0.012590
2025-11-21T00:24:40.603Z,PLTR,BUY,0.269,156.0100,-41.97,Open Long,,,,0.000000,Open Long,0.012590
2025-11-21T00:25:01.573Z,PLTR,BUY,0.275,156.0100,-42.90,Open Long,,,,0.000000,Open Long,0.012870
2025-11-21T00:25:22.604Z,PLTR,BUY,0.274,156.0100,-42.75,Open Long,,,,0.000000,Open Long,0.012824
2025-11-21T00:25:43.833Z,PLTR,BUY,0.373,156.0100,-58.19,Open Long,,,,0.000000,Open Long,0.017457
2025-11-21T00:26:04.737Z,PLTR,BUY,0.278,156.0100,-43.37,Open Long,,,,0.000000,Open Long,0.013011
2025-11-21T00:26:25.637Z,PLTR,BUY,0.299,156.0100,-46.65,Open Long,,,,0.000000,Open Long,0.013994
2025-11-21T00:26:46.623Z,PLTR,BUY,0.255,156.0100,-39.78,Open Long,,,,0.000000,Open Long,0.011934
2025-11-21T00:27:07.312Z,PLTR,BUY,0.338,156.0100,-52.73,Open Long,,,,0.000000,Open Long,0.015819
2025-11-21T00:27:28.128Z,PLTR,BUY,0.377,156.0100,-58.82,Open Long,,,,0.000000,Open Long,0.017644
2025-11-21T00:27:48.878Z,PLTR,BUY,0.284,156.0100,-44.31,Open Long,,,,0.000000,Open Long,0.013292
2025-11-21T00:33:55.847Z,PLTR,BUY,29.542,155.7400,-4600.87,Open Long,,,,0.000000,Open Long,4.140782
2025-11-21T01:51:12.576Z,PLTR,BUY,63.429,156.6600,-9936.79,Open Long,,,,0.000000,Open Long,2.981036
2025-11-21T02:01:06.694Z,PLTR,BUY,73.381,156.6600,-11495.87,Open Long,,,,0.000000,Open Long,3.448760
2025-11-21T02:06:08.632Z,PLTR,BUY,31.9,156.6600,-4997.45,Open Long,,,,0.000000,Open Long,1.499236
2025-11-21T02:07:41.320Z,PLTR,BUY,3.14,156.5400,-491.54,Open Long,,,,0.000000,Open Long,0.147460
2025-11-21T02:07:43.068Z,PLTR,BUY,2.503,156.5400,-391.82,Open Long,,,,0.000000,Open Long,0.117545
2025-11-21T02:13:59.613Z,PLTR,SELL,311.162,155.8181,48484.66,Close Long,,,,74.695404,Close Long,43.636179
2025-11-21T02:21:11.987Z,NVDA,SELL,46,180.7100,8312.66,Open Short,,,,0.000000,Open Short,7.481394
2025-11-21T02:21:13.073Z,NVDA,SELL,0.1,180.7100,18.07,Open Short,,,,0.000000,Open Short,0.005421
2025-11-21T02:21:13.132Z,NVDA,SELL,5,180.7100,903.55,Open Short,,,,0.000000,Open Short,0.271065
2025-11-21T02:21:14.680Z,NVDA,SELL,5,180.7100,903.55,Open Short,,,,0.000000,Open Short,0.271065
2025-11-21T02:21:16.302Z,NVDA,SELL,5,180.7100,903.55,Open Short,,,,0.000000,Open Short,0.271065
2025-11-21T02:21:17.923Z,NVDA,SELL,5,180.7100,903.55,Open Short,,,,0.000000,Open Short,0.271065
2025-11-21T02:21:19.453Z,NVDA,SELL,5,180.7100,903.55,Open Short,,,,0.000000,Open Short,0.271065
2025-11-21T02:21:20.555Z,NVDA,SELL,0.1,180.7100,18.07,Open Short,,,,0.000000,Open Short,0.005421
2025-11-21T02:21:21.189Z,NVDA,SELL,5,180.7100,903.55,Open Short,,,,0.000000,Open Short,0.271065
2025-11-21T02:21:23.054Z,NVDA,SELL,5,180.7100,903.55,Open Short,,,,0.000000,Open Short,0.271065
2025-11-21T02:21:24.761Z,NVDA,SELL,5,180.7100,903.55,Open Short,,,,0.000000,Open Short,0.271065
2025-11-21T02:21:26.544Z,NVDA,SELL,5,180.7100,903.55,Open Short,,,,0.000000,Open Short,0.271065
2025-11-21T02:21:27.005Z,NVDA,SELL,0.1,180.7100,18.07,Open Short,,,,0.000000,Open Short,0.005421
2025-11-21T02:21:28.220Z,NVDA,SELL,5,180.7100,903.55,Open Short,,,,0.000000,Open Short,0.271065
2025-11-21T02:21:30.110Z,NVDA,SELL,5,180.7100,903.55,Open Short,,,,0.000000,Open Short,0.271065
2025-11-21T02:21:31.901Z,NVDA,SELL,5,180.7100,903.55,Open Short,,,,0.000000,Open Short,0.271065
2025-11-21T02:21:33.581Z,NVDA,SELL,0.9,180.7100,162.64,Open Short,,,,0.000000,Open Short,0.048791
2025-11-21T03:01:14.110Z,NVDA,SELL,16.559,181.0900,2998.67,Open Short,,,,0.000000,Open Short,2.698800
2025-11-21T03:01:41.009Z,NVDA,SELL,0.064,181.0900,11.59,Open Short,,,,0.000000,Open Short,0.003476
2025-11-21T03:36:28.711Z,NVDA,SELL,4.997,180.9400,904.16,Open Short,,,,0.000000,Open Short,0.271247
2025-11-21T03:36:29.002Z,NVDA,SELL,4.1,180.9400,741.85,Open Short,,,,0.000000,Open Short,0.222555
2025-11-21T03:36:30.438Z,NVDA,SELL,5,180.9400,904.70,Open Short,,,,0.000000,Open Short,0.271410
2025-11-21T03:36:30.660Z,NVDA,SELL,4,180.9400,723.76,Open Short,,,,0.000000,Open Short,0.217127
2025-11-21T03:36:30.842Z,NVDA,SELL,4,180.9400,723.76,Open Short,,,,0.000000,Open Short,0.217127
2025-11-21T03:36:32.199Z,NVDA,SELL,5,180.9400,904.70,Open Short,,,,0.000000,Open Short,0.271410
2025-11-21T03:36:33.211Z,NVDA,SELL,2.328,180.9400,421.23,Open Short,,,,0.000000,Open Short,0.126368
2025-11-21T03:36:33.867Z,NVDA,SELL,5,180.9400,904.70,Open Short,,,,0.000000,Open Short,0.271410
2025-11-21T03:36:35.598Z,NVDA,SELL,5,180.9400,904.70,Open Short,,,,0.000000,Open Short,0.271410
2025-11-21T03:36:35.805Z,NVDA,SELL,0.1,180.9400,18.09,Open Short,,,,0.000000,Open Short,0.005428
2025-11-21T03:36:36.164Z,NVDA,SELL,1.567,180.9400,283.53,Open Short,,,,0.000000,Open Short,0.085059
2025-11-21T03:36:36.837Z,NVDA,SELL,8.908,180.9400,1611.81,Open Short,,,,0.000000,Open Short,0.483544
2025-11-21T03:36:43.186Z,NVDA,SELL,3.293,181.0900,596.33,Open Short,,,,0.000000,Open Short,0.178898
2025-11-21T03:36:44.000Z,NVDA,SELL,0.062,181.0900,11.23,Open Short,,,,0.000000,Open Short,0.003368
2025-11-21T03:36:44.798Z,NVDA,SELL,0.022,181.0900,3.98,Open Short,,,,0.000000,Open Short,0.001195
2025-11-21T04:15:18.530Z,PLTR,BUY,50,155.9400,-7797.00,Open Long,,,,0.000000,Open Long,2.339100
2025-11-21T04:37:26.581Z,PLTR,SELL,50,154.9576,7747.88,Close Long,,,,-49.117930,Close Long,6.973082
2025-11-21T04:54:06.671Z,NVDA,SELL,50,179.5300,8976.50,Open Short,,,,0.000000,Open Short,8.078842
2025-11-21T05:00:21.377Z,NVDA,SELL,5,180.1500,900.75,Open Short,,,,0.000000,Open Short,0.270225
2025-11-21T05:00:23.007Z,NVDA,SELL,5,180.1500,900.75,Open Short,,,,0.000000,Open Short,0.270225
2025-11-21T05:00:24.529Z,NVDA,SELL,5,180.1500,900.75,Open Short,,,,0.000000,Open Short,0.270225
2025-11-21T05:00:24.817Z,NVDA,SELL,0.1,180.1500,18.02,Open Short,,,,0.000000,Open Short,0.005404
2025-11-21T05:00:25.931Z,NVDA,SELL,5,180.1500,900.75,Open Short,,,,0.000000,Open Short,0.270225
2025-11-21T05:00:30.835Z,NVDA,SELL,0.1,180.1500,18.02,Open Short,,,,0.000000,Open Short,0.005404
2025-11-21T05:00:36.795Z,NVDA,SELL,0.1,180.1500,18.02,Open Short,,,,0.000000,Open Short,0.005404
2025-11-21T05:15:51.898Z,PLTR,BUY,48.53,155.2600,-7534.77,Open Long,,,,0.000000,Open Long,2.260430
2025-11-21T05:28:03.693Z,PLTR,SELL,48.53,155.2600,7534.77,Close Long,,,,0.011733,Close Long,6.781277
2025-11-21T06:18:18.321Z,XYZ100,BUY,0.01,24098.0000,-240.98,Open Long,,,,0.000000,Open Long,0.072294
2025-11-21T06:57:34.975Z,PLTR,BUY,0.086,155.5000,-13.37,Open Long,,,,0.000000,Open Long,0.004011
2025-11-21T07:13:34.785Z,XYZ100,BUY,0.21,24102.0000,-5061.42,Open Long,,,,0.000000,Open Long,4.555276
2025-11-21T07:31:22.383Z,PLTR,SELL,0.086,155.5000,13.37,Close Long,,,,0.000000,Close Long,0.012035
2025-11-21T07:51:23.121Z,PLTR,BUY,31.32,155.0000,-4854.60,Open Long,,,,0.000000,Open Long,1.456379
2025-11-21T08:51:22.040Z,PLTR,BUY,8.265,155.9000,-1288.51,Open Long,,,,0.000000,Open Long,0.386554
2025-11-21T09:43:30.473Z,PLTR,SELL,39.585,153.1808,6063.66,Close Long,,,,-79.414045,Close Long,5.457296
2025-11-21T09:55:25.373Z,XYZ100,SELL,0.22,24001.0000,5280.22,Close Long,,,,-22.178200,Close Long,4.752188
2025-11-21T10:02:54.789Z,PLTR,BUY,64.531,151.6500,-9786.13,Open Long,,,,0.000000,Open Long,2.935837
2025-11-21T10:02:56.053Z,PLTR,BUY,16.529,151.6500,-2506.62,Open Long,,,,0.000000,Open Long,0.751986
2025-11-21T10:02:57.702Z,PLTR,BUY,17.94,151.6500,-2720.60,Open Long,,,,0.000000,Open Long,0.816180
2025-11-21T10:30:08.722Z,PLTR,BUY,0.68,152.4900,-103.69,Open Long,,,,0.000000,Open Long,0.031106
2025-11-21T10:30:26.275Z,PLTR,BUY,36.545,152.4900,-5572.75,Open Long,,,,0.000000,Open Long,1.671824
2025-11-21T11:16:24.834Z,PLTR,SELL,136.225,155.2346,21146.83,Close Long,,,,457.116745,Close Long,19.032134
2025-11-21T11:16:26.024Z,XYZ100,BUY,0.2574,24076.0000,-6197.16,Open Long,,,,0.000000,Open Long,5.577444
2025-11-21T11:16:26.431Z,XYZ100,BUY,0.005,24076.0000,-120.38,Open Long,,,,0.000000,Open Long,0.036114
2025-11-21T11:16:26.540Z,XYZ100,BUY,0.005,24076.0000,-120.38,Open Long,,,,0.000000,Open Long,0.036114
2025-11-21T11:16:27.296Z,XYZ100,BUY,0.01,24076.0000,-240.76,Open Long,,,,0.000000,Open Long,0.072228
2025-11-21T11:16:31.765Z,XYZ100,BUY,0.005,24076.0000,-120.38,Open Long,,,,0.000000,Open Long,0.036114
2025-11-21T11:16:31.852Z,XYZ100,BUY,0.005,24076.0000,-120.38,Open Long,,,,0.000000,Open Long,0.036114
2025-11-21T11:16:32.072Z,XYZ100,BUY,0.0017,24076.0000,-40.93,Open Long,,,,0.000000,Open Long,0.012278
2025-11-21T11:16:32.492Z,XYZ100,BUY,0.2609,24076.0000,-6281.43,Open Long,,,,0.000000,Open Long,1.884428
2025-11-21T13:52:21.020Z,NVDA,SELL,0.562,182.0600,102.32,Open Short,,,,0.000000,Open Short,0.030695
2025-11-21T13:52:28.109Z,NVDA,SELL,0.401,182.0600,73.01,Open Short,,,,0.000000,Open Short,0.021901
2025-11-21T13:52:31.225Z,NVDA,SELL,0.553,182.0600,100.68,Open Short,,,,0.000000,Open Short,0.030203
2025-11-21T14:12:04.008Z,PLTR,BUY,2.98,157.0600,-468.04,Open Long,,,,0.000000,Open Long,0.140411
2025-11-21T14:22:47.833Z,XYZ100,BUY,0.55,24120.0000,-13266.00,Open Long,,,,0.000000,Open Long,11.939384
2025-11-21T14:22:48.805Z,GOOGL,SELL,14.85,295.4500,4387.43,Open Short,,,,0.000000,Open Short,3.948684
2025-11-21T14:22:57.005Z,PLTR,BUY,2.98,156.5800,-466.61,Open Long,,,,0.000000,Open Long,0.139982
2025-11-21T15:08:57.287Z,PLTR,SELL,5.96,154.3000,919.63,Close Long,,,,-15.019200,Close Long,0.827665
2025-11-21T16:01:07.094Z,TSLA,SELL,4,386.2500,1545.00,Open Short,,,,0.000000,Open Short,0.463499
2025-11-21T16:28:41.830Z,TSLA,BUY,4,390.1572,-1560.63,Close Short,,,,-15.628880,Close Short,1.404564
2025-11-21T16:33:03.889Z,NVDA,SELL,40.15,179.6200,7211.74,Open Short,,,,0.000000,Open Short,2.163522
2025-11-21T16:59:49.750Z,NVDA,SELL,1.136,181.1300,205.76,Open Short,,,,0.000000,Open Short,0.185187
2025-11-21T16:59:55.152Z,NVDA,SELL,8.328,181.1300,1508.45,Open Short,,,,0.000000,Open Short,0.452535
2025-11-21T16:59:56.046Z,NVDA,SELL,90.536,181.1300,16398.79,Open Short,,,,0.000000,Open Short,4.919635
2025-11-21T17:23:26.561Z,PLTR,SELL,1.183,154.5600,182.84,Open Short,,,,0.000000,Open Short,0.054853
2025-11-21T17:38:27.124Z,XYZ100,BUY,0.2695,24314.0000,-6552.62,Open Long,,,,0.000000,Open Long,1.965786
2025-11-21T17:38:29.062Z,XYZ100,BUY,0.0302,24314.0000,-734.28,Open Long,,,,0.000000,Open Long,0.220284
2025-11-21T17:38:29.799Z,XYZ100,BUY,0.1,24314.0000,-2431.40,Open Long,,,,0.000000,Open Long,0.729419
2025-11-21T17:38:32.673Z,XYZ100,BUY,0.0003,24314.0000,-7.29,Open Long,,,,0.000000,Open Long,0.002188
2025-11-21T17:44:08.673Z,XYZ100,BUY,0.0723,24308.0000,-1757.47,Open Long,,,,0.000000,Open Long,1.581719
2025-11-21T17:44:19.058Z,XYZ100,BUY,0.1311,24308.0000,-3186.78,Open Long,,,,0.000000,Open Long,0.956033
2025-11-21T17:44:26.032Z,XYZ100,BUY,0.0966,24308.0000,-2348.15,Open Long,,,,0.000000,Open Long,0.704445
2025-11-21T18:01:40.801Z,XYZ100,BUY,0.1655,24276.0000,-4017.68,Open Long,,,,0.000000,Open Long,3.615907
2025-11-21T18:01:41.368Z,PLTR,BUY,1.183,154.7900,-183.12,Close Short,,,,-0.272090,Close Short,0.164804
2025-11-21T18:07:56.254Z,PLTR,BUY,0.49,153.6200,-75.27,Open Long,,,,0.000000,Open Long,0.022582
2025-11-21T18:15:53.683Z,PLTR,BUY,0.13,153.2800,-19.93,Open Long,,,,0.000000,Open Long,0.005977
2025-11-21T18:48:29.908Z,XYZ100,SELL,0.55,24396.0000,13417.80,Close Long,,,,113.855500,Close Long,12.076020
2025-11-21T19:00:31.732Z,XYZ100,BUY,0.5,24426.0000,-12213.00,Open Long,,,,0.000000,Open Long,10.991699
2025-11-21T19:10:00.602Z,PLTR,BUY,6.36,157.0600,-998.90,Open Long,,,,0.000000,Open Long,0.299670
2025-11-21T19:18:33.104Z,GOOGL,SELL,0.5,302.3600,151.18,Open Short,,,,0.000000,Open Short,0.045353
2025-11-21T19:20:47.861Z,XYZ100,SELL,0.17,24493.0000,4163.81,Close Long,,,,41.163800,Close Long,3.747428
2025-11-21T19:20:47.861Z,XYZ100,SELL,0.3,24493.0000,7347.90,Close Long,,,,72.642000,Close Long,6.613110
2025-11-21T19:20:47.861Z,XYZ100,SELL,0.4,24493.0000,9797.20,Close Long,,,,96.856000,Close Long,8.817478
2025-11-21T19:20:47.861Z,XYZ100,SELL,0.55,24493.0000,13471.15,Close Long,,,,133.177000,Close Long,12.124034
2025-11-21T19:46:40.091Z,PLTR,BUY,9.18,156.9100,-1440.43,Open Long,,,,0.000000,Open Long,0.432130
2025-11-21T19:46:40.219Z,PLTR,BUY,5,156.9100,-784.55,Open Long,,,,0.000000,Open Long,0.235364
2025-11-21T19:46:43.158Z,PLTR,BUY,9.18,156.9100,-1440.43,Open Long,,,,0.000000,Open Long,0.432130
2025-11-21T19:46:44.038Z,PLTR,BUY,5,156.9100,-784.55,Open Long,,,,0.000000,Open Long,0.235364
2025-11-21T19:46:48.164Z,PLTR,BUY,3.49,156.9100,-547.62,Open Long,,,,0.000000,Open Long,0.164284
2025-11-21T19:55:24.797Z,NVDA,SELL,50,181.3100,9065.50,Open Short,,,,0.000000,Open Short,2.719649
2025-11-21T22:02:03.549Z,PLTR,BUY,42.67,155.0000,-6613.85,Open Long,,,,0.000000,Open Long,1.984154
2025-11-22T00:42:33.374Z,PLTR,SELL,81.5,155.5181,12674.73,Close Long,,,,-30.795050,Close Long,10.139776
2025-11-22T01:54:51.656Z,XYZ100,BUY,0.03,24280.0000,-728.40,Open Long,,,,0.000000,Open Long,0.582720
2025-11-22T02:21:52.490Z,GOOGL,BUY,30.197,302.0640,-9121.43,Close Short,,,,-136.098191,Close Short,7.297122
2025-11-23T23:27:20.355Z,NVDA,BUY,439.166,182.8174,-80287.19,Close Short,,,,-946.584448,Close Short,6.422951
2025-11-24T06:26:45.126Z,TSLA,SELL,4,398.2500,1593.00,Open Short,,,,0.000000,Open Short,0.038232
2025-11-24T06:26:45.228Z,TSLA,SELL,8,398.2500,3186.00,Open Short,,,,0.000000,Open Short,0.076464
2025-11-24T06:44:40.119Z,TSLA,SELL,0.904,397.5000,359.34,Open Short,,,,0.000000,Open Short,0.028743
2025-11-24T06:44:40.709Z,XYZ100,SELL,0.53,24406.0000,12935.18,Close Long,,,,80.653740,Close Long,1.034812
2025-11-24T06:44:41.731Z,TSLA,BUY,12,398.0435,-4776.52,Close Short,,,,1.842020,Close Short,0.382118
2025-11-24T08:39:44.379Z,TSLA,BUY,0.501,398.5000,-199.65,Close Short,,,,-0.151803,Close Short,0.004791
2025-11-24T09:31:33.038Z,PLTR,SELL,1,155.7400,155.74,Open Short,,,,0.000000,Open Short,0.003737
2025-11-24T09:31:34.261Z,PLTR,SELL,12.822,155.7400,1996.90,Open Short,,,,0.000000,Open Short,0.047925
2025-11-24T09:31:34.782Z,PLTR,SELL,1,155.7400,155.74,Open Short,,,,0.000000,Open Short,0.003737
2025-11-24T09:31:35.465Z,PLTR,SELL,4,155.7400,622.96,Open Short,,,,0.000000,Open Short,0.014951
2025-11-24T09:31:36.286Z,PLTR,SELL,5,155.7400,778.70,Open Short,,,,0.000000,Open Short,0.018688
2025-11-24T09:31:36.692Z,PLTR,SELL,0.276,155.7400,42.98,Open Short,,,,0.000000,Open Short,0.001031
2025-11-24T09:31:36.821Z,PLTR,SELL,4,155.7400,622.96,Open Short,,,,0.000000,Open Short,0.014951
2025-11-24T09:31:37.704Z,PLTR,SELL,3.902,155.7400,607.70,Open Short,,,,0.000000,Open Short,0.014584
2025-11-24T09:45:21.287Z,PLTR,BUY,32,156.0723,-4994.31,Close Short,,,,-10.633700,Close Short,0.399541
2025-11-24T10:00:37.057Z,PLTR,BUY,30,155.9900,-4679.70,Open Long,,,,0.000000,Open Long,0.374376
2025-11-24T10:09:38.085Z,PLTR,SELL,30,156.0900,4682.70,Close Long,,,,3.000000,Close Long,0.374616
2025-11-24T13:47:18.080Z,TSLA,BUY,0.4,399.0800,-159.63,Close Short,,,,-0.353200,Close Short,0.003831
2025-11-24T14:34:17.862Z,XYZ100,BUY,0.0045,24601.0000,-110.70,Close Short,,,,-0.877500,Close Short,0.008856
2025-11-24T15:02:33.860Z,TSLA,BUY,0.003,414.3400,-1.24,Close Short,,,,-0.048429,Close Short,0.000099
2025-11-24T15:12:47.788Z,PLTR,BUY,10,160.3700,-1603.70,Open Long,,,,0.000000,Open Long,0.038488
2025-11-24T15:12:48.189Z,PLTR,BUY,2,160.3700,-320.74,Open Long,,,,0.000000,Open Long,0.007697
2025-11-24T15:12:48.692Z,PLTR,BUY,2,160.3700,-320.74,Open Long,,,,0.000000,Open Long,0.007697
2025-11-24T18:56:34.641Z,NVDA,BUY,0.661,181.9900,-120.30,Open Long,,,,0.000000,Open Long,0.009622
2025-11-24T18:56:35.041Z,NVDA,BUY,47.839,181.9900,-8706.22,Open Long,,,,0.000000,Open Long,0.208949
2025-11-24T20:44:59.410Z,XYZ100,BUY,0.5,24892.0000,-12446.00,Open Long,,,,0.000000,Open Long,0.298704
2025-11-24T22:24:43.682Z,NVDA,BUY,5,182.1500,-910.75,Open Long,,,,0.000000,Open Long,0.021858
2025-11-24T22:24:47.704Z,NVDA,BUY,1,182.1500,-182.15,Open Long,,,,0.000000,Open Long,0.004371
2025-11-24T23:08:14.794Z,NVDA,SELL,6,178.4800,1070.88,Close Long,,,,-21.162000,Close Long,0.085670
2025-11-24T23:08:14.794Z,NVDA,SELL,48.5,178.4800,8656.28,Close Long,,,,-171.059500,Close Long,0.692502
2025-11-25T00:22:47.035Z,NVDA,BUY,1.08,179.2300,-193.57,Open Long,,,,0.000000,Open Long,0.004645
2025-11-25T01:18:19.630Z,NVDA,BUY,1.08,179.5600,-193.92,Open Long,,,,0.000000,Open Long,0.015513
2025-11-25T01:23:50.191Z,NVDA,BUY,2.5,179.7500,-449.38,Open Long,,,,0.000000,Open Long,0.010785
2025-11-25T01:33:43.427Z,NVDA,BUY,5,179.1200,-895.60,Open Long,,,,0.000000,Open Long,0.071648
2025-11-25T02:10:05.988Z,NVDA,SELL,1.08,178.5900,192.88,Close Long,,,,-0.814320,Close Long,0.015430
2025-11-25T02:10:05.988Z,NVDA,SELL,2.5,178.5900,446.48,Close Long,,,,-1.885000,Close Long,0.035718
2025-11-25T02:10:05.988Z,NVDA,SELL,5,178.5900,892.95,Close Long,,,,-3.770000,Close Long,0.071436
2025-11-25T04:56:42.600Z,AMZN,BUY,9,226.9400,-2042.46,Open Long,,,,0.000000,Open Long,0.163396
2025-11-25T05:02:15.004Z,NVDA,BUY,2.16,179.1000,-386.86,Open Long,,,,0.000000,Open Long,0.009284
2025-11-25T06:08:16.298Z,NVDA,BUY,3.24,178.9900,-579.93,Open Long,,,,0.000000,Open Long,0.046392
2025-11-25T06:16:46.243Z,XYZ100,BUY,0.073,24856.0000,-1814.49,Open Long,,,,0.000000,Open Long,0.043547
2025-11-25T06:36:49.680Z,PLTR,BUY,0.967,161.7500,-156.41,Open Long,,,,0.000000,Open Long,0.012511
2025-11-25T08:54:45.018Z,NVDA,SELL,2.16,178.5000,385.56,Close Long,,,,-1.263600,Close Long,0.030844
2025-11-25T08:54:45.018Z,NVDA,SELL,3.24,178.5000,578.34,Close Long,,,,-1.895400,Close Long,0.046267
2025-11-25T09:13:41.881Z,PLTR,BUY,5,160.9600,-804.80,Open Long,,,,0.000000,Open Long,0.064384
2025-11-25T09:34:13.578Z,NVDA,BUY,1.08,176.0600,-190.14,Open Long,,,,0.000000,Open Long,0.004563
2025-11-25T09:52:08.590Z,NVDA,SELL,2.16,176.7700,381.82,Close Long,,,,-1.732320,Close Long,0.030545
2025-11-25T09:52:08.817Z,GOOGL,BUY,0.268,329.8200,-88.39,Open Long,,,,0.000000,Open Long,0.002121
2025-11-25T09:52:10.647Z,GOOGL,BUY,5.282,329.8200,-1742.11,Open Long,,,,0.000000,Open Long,0.041810
2025-11-25T09:59:20.635Z,GOOGL,BUY,4,329.9800,-1319.92,Open Long,,,,0.000000,Open Long,0.105592
2025-11-25T11:07:56.048Z,NVDA,BUY,0.216,175.8200,-37.98,Open Long,,,,0.000000,Open Long,0.000911
2025-11-25T11:08:00.164Z,NVDA,BUY,9.573,175.8200,-1683.12,Open Long,,,,0.000000,Open Long,0.040394
2025-11-25T11:08:01.006Z,NVDA,BUY,2.241,175.8200,-394.01,Open Long,,,,0.000000,Open Long,0.009456
2025-11-25T11:08:05.245Z,NVDA,BUY,7,175.8200,-1230.74,Open Long,,,,0.000000,Open Long,0.029537
2025-11-25T11:08:06.781Z,NVDA,BUY,7,175.8200,-1230.74,Open Long,,,,0.000000,Open Long,0.029537
2025-11-25T11:08:08.613Z,NVDA,BUY,1.169,175.8200,-205.53,Open Long,,,,0.000000,Open Long,0.004932
2025-11-25T11:14:47.794Z,NVDA,SELL,2.85,176.0500,501.74,Close Long,,,,0.655500,Close Long,0.040139
2025-11-25T11:22:31.661Z,PLTR,BUY,19.97,160.6500,-3208.18,Open Long,,,,0.000000,Open Long,0.256649
2025-11-25T13:13:16.297Z,NVDA,BUY,12,174.5600,-2094.72,Open Long,,,,0.000000,Open Long,0.167577
2025-11-25T15:04:26.792Z,NVDA,SELL,12,169.7100,2036.52,Close Long,,,,-68.328000,Close Long,0.162921
2025-11-25T15:33:25.952Z,XYZ100,BUY,0.0105,24740.0000,-259.77,Open Long,,,,0.000000,Open Long,0.006234
2025-11-25T15:33:27.329Z,XYZ100,BUY,0.1895,24740.0000,-4688.23,Open Long,,,,0.000000,Open Long,0.112517
2025-11-25T15:51:18.715Z,NVDA,SELL,24.349,171.8600,4184.62,Close Long,,,,-86.292856,Close Long,0.334768
2025-11-25T15:51:19.985Z,GOOGL,SELL,9.55,320.8934,3064.53,Close Long,,,,-85.888700,Close Long,0.245161
2025-11-25T15:51:43.003Z,PLTR,BUY,0.077,158.8700,-12.23,Open Long,,,,0.000000,Open Long,0.000293
2025-11-25T15:51:45.808Z,PLTR,BUY,0.063,158.8700,-10.01,Open Long,,,,0.000000,Open Long,0.000240
2025-11-25T15:51:48.531Z,PLTR,BUY,5,158.8700,-794.35,Open Long,,,,0.000000,Open Long,0.019064
2025-11-25T15:51:49.972Z,PLTR,BUY,4.86,158.8700,-772.11,Open Long,,,,0.000000,Open Long,0.018530
2025-11-25T16:00:31.276Z,NVDA,SELL,18,172.4700,3104.46,Open Short,,,,0.000000,Open Short,0.074507
2025-11-25T16:00:31.402Z,NVDA,SELL,7,172.4700,1207.29,Open Short,,,,0.000000,Open Short,0.028974
2025-11-25T16:00:39.055Z,PLTR,BUY,6,159.3800,-956.28,Open Long,,,,0.000000,Open Long,0.022950
2025-11-25T16:20:31.722Z,MSFT,BUY,1.968,471.5600,-928.03,Open Long,,,,0.000000,Open Long,0.022272
2025-11-25T16:20:33.345Z,MSFT,BUY,1.762,471.5600,-830.89,Open Long,,,,0.000000,Open Long,0.019941
2025-11-25T16:20:39.035Z,PLTR,BUY,0.197,159.9400,-31.51,Open Long,,,,0.000000,Open Long,0.000756
2025-11-25T16:50:50.582Z,NVDA,BUY,25,174.6236,-4365.59,Close Short,,,,-53.838970,Close Short,0.349240
2025-11-25T16:50:56.002Z,GOOGL,BUY,30.13,319.3100,-9620.81,Open Long,,,,0.000000,Open Long,0.230899
2025-11-25T17:07:24.628Z,GOOGL,SELL,5,320.4000,1602.00,Close Long,,,,5.450000,Close Long,0.038448
2025-11-25T17:07:25.506Z,GOOGL,SELL,4.36,320.4000,1396.94,Close Long,,,,4.752400,Close Long,0.033526
2025-11-25T17:16:35.108Z,NVDA,BUY,85.88,174.5400,-14989.50,Open Long,,,,0.000000,Open Long,1.199159
2025-11-25T18:57:15.053Z,TSLA,BUY,0.843,416.9400,-351.48,Open Long,,,,0.000000,Open Long,0.008435
2025-11-25T19:21:59.348Z,NVDA,SELL,85.88,174.7045,15003.63,Close Long,,,,14.131040,Close Long,1.200290
2025-11-25T19:52:18.078Z,NVDA,SELL,57,174.3400,9937.38,Open Short,,,,0.000000,Open Short,0.238497
2025-11-25T19:58:13.955Z,NVDA,BUY,7,175.0767,-1225.54,Close Short,,,,-5.157080,Close Short,0.098039
2025-11-25T20:25:18.627Z,MSFT,BUY,2.095,477.3500,-1000.05,Open Long,,,,0.000000,Open Long,0.024001
2025-11-25T20:25:23.746Z,MSFT,BUY,2,477.3500,-954.70,Open Long,,,,0.000000,Open Long,0.022912
2025-11-25T20:25:25.219Z,MSFT,BUY,2,477.3500,-954.70,Open Long,,,,0.000000,Open Long,0.022912
2025-11-25T20:25:28.659Z,PLTR,BUY,5,163.8400,-819.20,Open Long,,,,0.000000,Open Long,0.019660
2025-11-25T20:25:30.124Z,PLTR,BUY,5,163.8400,-819.20,Open Long,,,,0.000000,Open Long,0.019660
2025-11-25T20:25:31.464Z,PLTR,BUY,5,163.8400,-819.20,Open Long,,,,0.000000,Open Long,0.019660
2025-11-25T20:25:32.939Z,PLTR,BUY,5,163.8400,-819.20,Open Long,,,,0.000000,Open Long,0.019660
2025-11-25T20:25:33.295Z,PLTR,BUY,92.27,163.8400,-15117.52,Open Long,,,,0.000000,Open Long,0.362820
2025-11-25T20:32:34.053Z,PLTR,BUY,0.413,163.9900,-67.73,Open Long,,,,0.000000,Open Long,0.005417
2025-11-25T20:40:19.859Z,PLTR,BUY,110.748,163.8200,-18142.74,Open Long,,,,0.000000,Open Long,0.435425
2025-11-25T20:44:39.971Z,NVDA,BUY,50,177.5030,-8875.15,Close Short,,,,-158.148300,Close Short,0.710011
2025-11-25T20:45:11.888Z,MSFT,BUY,1,478.1200,-478.12,Open Long,,,,0.000000,Open Long,0.011474
2025-11-25T21:01:28.666Z,PLTR,BUY,36.892,163.5900,-6035.16,Open Long,,,,0.000000,Open Long,0.144843
2025-11-25T21:01:30.096Z,PLTR,BUY,9.583,163.5900,-1567.68,Open Long,,,,0.000000,Open Long,0.037624
2025-11-25T21:01:31.733Z,PLTR,BUY,2.463,163.5900,-402.92,Open Long,,,,0.000000,Open Long,0.009670
2025-11-25T21:16:00.246Z,NVDA,BUY,2.2,176.9700,-389.33,Open Long,,,,0.000000,Open Long,0.031146
2025-11-25T21:30:40.306Z,MSFT,BUY,1.5,477.7400,-716.61,Open Long,,,,0.000000,Open Long,0.017198
2025-11-25T21:35:28.669Z,XYZ100,BUY,0.03,25006.0000,-750.18,Open Long,,,,0.000000,Open Long,0.060008
2025-11-25T21:48:53.437Z,MSFT,BUY,0.6,477.5600,-286.54,Open Long,,,,0.000000,Open Long,0.006876
2025-11-25T22:08:14.502Z,MSFT,BUY,1.25,477.1500,-596.44,Open Long,,,,0.000000,Open Long,0.014314
2025-11-25T22:32:45.994Z,GOOGL,BUY,0.616,324.1700,-199.69,Open Long,,,,0.000000,Open Long,0.004792
2025-11-25T22:32:52.208Z,GOOGL,BUY,0.616,324.1700,-199.69,Open Long,,,,0.000000,Open Long,0.004792
2025-11-25T22:37:21.405Z,GOOGL,BUY,0.132,324.4400,-42.83,Open Long,,,,0.000000,Open Long,0.001026
2025-11-25T22:37:21.856Z,GOOGL,BUY,1.104,324.4400,-358.18,Open Long,,,,0.000000,Open Long,0.008596
2025-11-25T22:37:22.409Z,GOOGL,BUY,0.11,324.4400,-35.69,Open Long,,,,0.000000,Open Long,0.000856
2025-11-25T22:37:22.659Z,GOOGL,BUY,0.11,324.4400,-35.69,Open Long,,,,0.000000,Open Long,0.000856
2025-11-25T22:37:23.438Z,GOOGL,BUY,0.11,324.4400,-35.69,Open Long,,,,0.000000,Open Long,0.000856
2025-11-25T22:37:24.413Z,GOOGL,BUY,1.289,324.4400,-418.20,Open Long,,,,0.000000,Open Long,0.010036
2025-11-25T22:37:24.485Z,GOOGL,BUY,0.066,324.4400,-21.41,Open Long,,,,0.000000,Open Long,0.000513
2025-11-25T22:37:24.773Z,GOOGL,BUY,0.11,324.4400,-35.69,Open Long,,,,0.000000,Open Long,0.000856
2025-11-25T22:37:24.885Z,GOOGL,BUY,0.066,324.4400,-21.41,Open Long,,,,0.000000,Open Long,0.000513
2025-11-25T22:37:26.222Z,GOOGL,BUY,0.11,324.4400,-35.69,Open Long,,,,0.000000,Open Long,0.000856
2025-11-25T22:37:26.343Z,GOOGL,BUY,0.11,324.4400,-35.69,Open Long,,,,0.000000,Open Long,0.000856
2025-11-25T22:37:26.797Z,GOOGL,BUY,1.289,324.4400,-418.20,Open Long,,,,0.000000,Open Long,0.010036
2025-11-25T22:37:26.958Z,GOOGL,BUY,0.129,324.4400,-41.85,Open Long,,,,0.000000,Open Long,0.001004
2025-11-25T22:37:27.201Z,GOOGL,BUY,0.206,324.4400,-66.83,Open Long,,,,0.000000,Open Long,0.001603
2025-11-25T22:37:27.317Z,GOOGL,BUY,0.11,324.4400,-35.69,Open Long,,,,0.000000,Open Long,0.000856
2025-11-25T22:37:28.789Z,GOOGL,BUY,0.129,324.4400,-41.85,Open Long,,,,0.000000,Open Long,0.001004
2025-11-25T22:37:29.195Z,GOOGL,BUY,0.98,324.4400,-317.95,Open Long,,,,0.000000,Open Long,0.007630
2025-11-26T01:56:37.923Z,PLTR,SELL,6,165.0100,990.06,Close Long,,,,11.046000,Close Long,0.079204
2025-11-26T01:56:37.923Z,PLTR,SELL,10,165.0014,1650.01,Close Long,,,,18.323700,Close Long,0.132001
2025-11-26T02:05:08.858Z,PLTR,BUY,3.134,165.2500,-517.89,Open Long,,,,0.000000,Open Long,0.012429
2025-11-26T02:38:30.138Z,MSFT,BUY,0.122,479.7700,-58.53,Open Long,,,,0.000000,Open Long,0.001404
2025-11-26T02:38:44.208Z,MSFT,BUY,0.141,479.7700,-67.65,Open Long,,,,0.000000,Open Long,0.001623
2025-11-26T02:38:49.340Z,MSFT,BUY,0.737,479.7700,-353.59,Open Long,,,,0.000000,Open Long,0.008486
2025-11-26T03:43:18.747Z,PLTR,BUY,8,165.6600,-1325.28,Open Long,,,,0.000000,Open Long,0.106022
2025-11-26T05:00:25.125Z,XYZ100,SELL,0.35,25110.0000,8788.50,Close Long,,,,89.208000,Close Long,0.703079
2025-11-26T05:50:08.013Z,PLTR,BUY,0.455,165.6500,-75.37,Open Long,,,,0.000000,Open Long,0.006029
2025-11-26T07:43:03.010Z,PLTR,BUY,2.458,164.9400,-405.42,Open Long,,,,0.000000,Open Long,0.032432
2025-11-26T13:15:40.063Z,TSLA,BUY,0.2,425.2400,-85.05,Open Long,,,,0.000000,Open Long,0.002041
2025-11-26T13:25:59.030Z,GOOGL,BUY,1,326.7500,-326.75,Open Long,,,,0.000000,Open Long,0.007842
2025-11-26T13:48:22.748Z,MSFT,SELL,0.6,485.0400,291.02,Close Long,,,,5.323800,Close Long,0.023281
2025-11-26T13:48:22.748Z,MSFT,SELL,1,485.0400,485.04,Close Long,,,,8.873000,Close Long,0.038803
2025-11-26T13:48:22.748Z,MSFT,SELL,1,485.0400,485.04,Close Long,,,,8.873000,Close Long,0.038803
2025-11-26T13:48:22.748Z,MSFT,SELL,1.25,485.0400,606.30,Close Long,,,,11.091250,Close Long,0.048504
2025-11-26T13:48:22.748Z,MSFT,SELL,1.5,485.0400,727.56,Close Long,,,,13.309500,Close Long,0.058204
2025-11-26T13:48:22.748Z,MSFT,SELL,3.73,485.0400,1809.20,Close Long,,,,33.096290,Close Long,0.144735
2025-11-26T13:51:55.936Z,GOOGL,SELL,1,320.1100,320.11,Close Long,,,,-0.744000,Close Long,0.025608
2025-11-26T13:51:55.936Z,GOOGL,SELL,6.16,320.1100,1971.88,Close Long,,,,-4.583040,Close Long,0.157750
2025-11-26T14:03:20.331Z,MSFT,SELL,6.095,487.0700,2968.69,Close Long,,,,66.453785,Close Long,0.237495
2025-11-26T14:31:31.890Z,NVDA,SELL,2.2,182.1800,400.80,Close Long,,,,11.462000,Close Long,0.032063
2025-11-26T14:49:02.837Z,NVDA,BUY,33.26,180.3500,-5998.44,Open Long,,,,0.000000,Open Long,0.479875
2025-11-26T16:41:40.960Z,XYZ100,SELL,0.03,25301.0000,759.03,Close Long,,,,13.376400,Close Long,0.060722
2025-11-26T16:41:40.960Z,XYZ100,SELL,0.2,25301.0000,5060.20,Close Long,,,,89.176000,Close Long,0.404816
2025-11-26T16:41:40.960Z,XYZ100,SELL,0.223,25301.0000,5642.12,Close Long,,,,99.431240,Close Long,0.451369
2025-11-26T16:48:40.833Z,MSFT,BUY,1.54,487.9500,-751.44,Open Long,,,,0.000000,Open Long,0.018033
2025-11-26T16:48:52.048Z,MSFT,BUY,2.66,487.9500,-1297.95,Open Long,,,,0.000000,Open Long,0.031150
2025-11-26T16:55:34.009Z,XYZ100,BUY,0.09,25288.0000,-2275.92,Open Long,,,,0.000000,Open Long,0.054622
2025-11-26T17:02:18.748Z,GOOGL,SELL,22.002,319.0424,7019.57,Close Long,,,,-39.858708,Close Long,0.561564
2025-11-26T17:20:43.076Z,XYZ100,SELL,0.09,25262.0000,2273.58,Close Long,,,,-2.340000,Close Long,0.181886
2025-11-26T17:20:43.684Z,MSFT,SELL,4.2,486.8700,2044.85,Close Long,,,,-4.536000,Close Long,0.163588
2025-11-26T17:20:44.292Z,GOOGL,SELL,2.018,318.6900,643.12,Open Short,,,,0.000000,Open Short,0.051447
2025-11-26T17:20:49.621Z,GOOGL,SELL,8.518,318.6900,2714.60,Open Short,,,,0.000000,Open Short,0.065150
2025-11-26T17:20:50.847Z,GOOGL,SELL,8.284,318.6900,2640.03,Open Short,,,,0.000000,Open Short,0.063360
2025-11-26T18:49:03.064Z,PLTR,BUY,0.151,167.1900,-25.25,Open Long,,,,0.000000,Open Long,0.000605
2025-11-26T18:56:33.098Z,PLTR,BUY,0.122,167.2400,-20.40,Open Long,,,,0.000000,Open Long,0.000489
2025-11-26T19:24:01.863Z,MSFT,BUY,0.454,487.0100,-221.10,Open Long,,,,0.000000,Open Long,0.005306
2025-11-26T19:24:02.324Z,MSFT,BUY,3.646,487.0100,-1775.64,Open Long,,,,0.000000,Open Long,0.042615
2025-11-26T20:15:57.704Z,XYZ100,BUY,0.03,25292.0000,-758.76,Open Long,,,,0.000000,Open Long,0.060700
2025-11-26T20:52:51.539Z,PLTR,BUY,145.381,165.9047,-24119.39,Open Long,,,,0.000000,Open Long,1.929550
2025-11-26T21:43:09.827Z,XYZ100,SELL,0.03,25242.0000,757.26,Close Long,,,,-1.500000,Close Long,0.060580
2025-11-26T23:21:10.877Z,MSFT,SELL,0.76,486.1500,369.47,Close Long,,,,-0.653600,Close Long,0.029557
2025-11-26T23:28:13.614Z,NVDA,BUY,0.75,179.9600,-134.97,Open Long,,,,0.000000,Open Long,0.003239
2025-11-26T23:55:55.181Z,PLTR,SELL,472.204,166.1220,78443.48,Close Long,,,,963.773336,Close Long,6.275474
2025-11-27T00:57:40.257Z,NVDA,BUY,5.487,179.4700,-984.75,Open Long,,,,0.000000,Open Long,0.078780
2025-11-27T00:57:40.976Z,GOOGL,SELL,18.82,320.5700,6033.13,Open Short,,,,0.000000,Open Short,0.482649
2025-11-27T00:57:41.034Z,TSLA,BUY,1.04,426.4600,-443.52,Open Long,,,,0.000000,Open Long,0.010644
2025-11-27T00:57:41.254Z,NVDA,BUY,21.497,179.4700,-3858.07,Open Long,,,,0.000000,Open Long,0.092593
2025-11-27T00:57:41.779Z,NVDA,BUY,0.276,179.4700,-49.53,Open Long,,,,0.000000,Open Long,0.001188
2025-11-27T00:57:42.985Z,NVDA,BUY,4.904,179.4700,-880.12,Open Long,,,,0.000000,Open Long,0.021122
2025-11-27T00:57:43.448Z,NVDA,BUY,0.063,179.4700,-11.31,Open Long,,,,0.000000,Open Long,0.000271
2025-11-27T00:57:43.847Z,MSFT,SELL,3.34,486.6500,1625.41,Close Long,,,,-1.202400,Close Long,0.130032
2025-11-27T00:57:44.791Z,NVDA,BUY,1.152,179.4700,-206.75,Open Long,,,,0.000000,Open Long,0.004961
2025-11-27T00:57:47.460Z,NVDA,BUY,0.631,179.4700,-113.25,Open Long,,,,0.000000,Open Long,0.002717
2025-11-27T01:07:13.599Z,NVDA,BUY,12.316,179.1600,-2206.53,Open Long,,,,0.000000,Open Long,0.176518
2025-11-27T02:43:26.566Z,TSLA,BUY,0.5,426.5000,-213.25,Open Long,,,,0.000000,Open Long,0.017060
2025-11-27T05:09:31.754Z,AMZN,SELL,9,229.8100,2068.29,Close Long,,,,25.830000,Close Long,0.165458
2025-11-27T06:41:29.679Z,NVDA,BUY,0.1,179.8100,-17.98,Open Long,,,,0.000000,Open Long,0.000431
2025-11-27T06:41:35.861Z,NVDA,BUY,0.1,179.8100,-17.98,Open Long,,,,0.000000,Open Long,0.000431
2025-11-27T06:41:36.058Z,NVDA,BUY,0.3,179.8100,-53.94,Open Long,,,,0.000000,Open Long,0.001294
2025-11-27T06:41:41.864Z,NVDA,BUY,0.1,179.8100,-17.98,Open Long,,,,0.000000,Open Long,0.000431
2025-11-27T06:41:47.984Z,NVDA,BUY,0.1,179.8100,-17.98,Open Long,,,,0.000000,Open Long,0.000431
2025-11-27T06:41:53.954Z,NVDA,BUY,0.1,179.8100,-17.98,Open Long,,,,0.000000,Open Long,0.000431
2025-11-27T08:00:24.126Z,GOOGL,BUY,37.64,320.1420,-12050.15,Close Short,,,,-19.272760,Close Short,0.963989
2025-11-27T09:42:47.635Z,TSLA,BUY,0.117,426.6500,-49.92,Open Long,,,,0.000000,Open Long,0.001198
2025-11-27T09:43:09.044Z,TSLA,BUY,0.253,426.6500,-107.94,Open Long,,,,0.000000,Open Long,0.002590
2025-11-27T13:28:51.648Z,TSLA,BUY,0.5,426.5400,-213.27,Open Long,,,,0.000000,Open Long,0.005118
2025-11-27T20:18:37.422Z,MSFT,BUY,17.117,491.8900,-8419.68,Open Long,,,,0.000000,Open Long,0.202072
2025-11-27T21:40:12.856Z,XYZ100,BUY,0.2,25232.0000,-5046.40,Open Long,,,,0.000000,Open Long,0.403712
2025-11-27T23:46:42.712Z,NVDA,BUY,1.102,181.2800,-199.77,Open Long,,,,0.000000,Open Long,0.004794
2025-11-27T23:46:45.279Z,NVDA,BUY,1.102,181.2800,-199.77,Open Long,,,,0.000000,Open Long,0.004794
2025-11-27T23:46:48.192Z,NVDA,BUY,1.102,181.2800,-199.77,Open Long,,,,0.000000,Open Long,0.004794
2025-11-27T23:46:51.149Z,NVDA,BUY,1.102,181.2800,-199.77,Open Long,,,,0.000000,Open Long,0.004794
2025-11-27T23:46:53.882Z,NVDA,BUY,0.592,181.2800,-107.32,Open Long,,,,0.000000,Open Long,0.002575
2025-11-28T01:09:13.232Z,MSFT,SELL,2,487.8852,975.77,Close Long,,,,-8.009530,Close Long,0.078059
2025-11-28T01:47:33.554Z,NVDA,BUY,1.273,180.9400,-230.34,Open Long,,,,0.000000,Open Long,0.018426
2025-11-28T01:47:47.191Z,NVDA,BUY,22.844,180.9400,-4133.39,Open Long,,,,0.000000,Open Long,0.099201
2025-11-28T03:00:29.897Z,PLTR,BUY,2.407,166.6300,-401.08,Open Long,,,,0.000000,Open Long,0.009623
2025-11-28T03:00:30.060Z,PLTR,BUY,2.704,166.6300,-450.57,Open Long,,,,0.000000,Open Long,0.010813
2025-11-28T03:00:30.238Z,PLTR,BUY,4.213,166.6300,-702.01,Open Long,,,,0.000000,Open Long,0.016840
2025-11-28T03:00:30.304Z,PLTR,BUY,3.581,166.6300,-596.70,Open Long,,,,0.000000,Open Long,0.014311
2025-11-28T03:00:30.359Z,PLTR,BUY,4.724,166.6300,-787.16,Open Long,,,,0.000000,Open Long,0.018884
2025-11-28T03:00:30.515Z,PLTR,BUY,2.074,166.6300,-345.59,Open Long,,,,0.000000,Open Long,0.008292
2025-11-28T03:00:35.501Z,PLTR,BUY,0.482,166.6300,-80.32,Open Long,,,,0.000000,Open Long,0.001927
2025-11-28T03:00:35.577Z,PLTR,BUY,1.173,166.6300,-195.46,Open Long,,,,0.000000,Open Long,0.004690
2025-11-28T03:00:35.634Z,PLTR,BUY,6.071,166.6300,-1011.61,Open Long,,,,0.000000,Open Long,0.024276
2025-11-28T03:00:35.774Z,PLTR,BUY,2.075,166.6300,-345.76,Open Long,,,,0.000000,Open Long,0.008294
2025-11-28T03:00:35.856Z,PLTR,BUY,14.496,166.6300,-2415.47,Open Long,,,,0.000000,Open Long,0.057966
2025-11-28T07:27:11.517Z,MSFT,SELL,15.117,488.6500,7386.92,Close Long,,,,-48.979080,Close Long,0.590951
2025-11-28T07:27:38.029Z,NVDA,BUY,2.31,180.6300,-417.26,Open Long,,,,0.000000,Open Long,0.010014
2025-11-28T08:19:30.194Z,PLTR,BUY,8.4,166.4500,-1398.18,Open Long,,,,0.000000,Open Long,0.033556
2025-11-28T08:19:31.058Z,PLTR,BUY,0.352,166.4500,-58.59,Open Long,,,,0.000000,Open Long,0.001406
2025-11-28T08:36:20.491Z,NVDA,BUY,0.103,180.5000,-18.59,Open Long,,,,0.000000,Open Long,0.000446
2025-11-28T08:36:21.399Z,NVDA,BUY,0.083,180.5000,-14.98,Open Long,,,,0.000000,Open Long,0.000359
2025-11-28T11:22:04.719Z,NVDA,BUY,15.53,180.7800,-2807.51,Open Long,,,,0.000000,Open Long,0.224601
2025-11-28T14:20:58.811Z,MSFT,BUY,2.05,488.0600,-1000.52,Open Long,,,,0.000000,Open Long,0.024012
2025-11-28T14:20:59.693Z,MSFT,BUY,0.031,488.0600,-15.13,Open Long,,,,0.000000,Open Long,0.000363
2025-11-28T14:31:25.902Z,NVDA,SELL,0.75,178.4300,133.82,Close Long,,,,-1.328250,Close Long,0.010705
2025-11-28T14:31:25.902Z,NVDA,SELL,15.53,178.3549,2769.85,Close Long,,,,-28.670000,Close Long,0.221585
2025-11-28T14:31:25.902Z,NVDA,SELL,34.01,178.3065,6064.20,Close Long,,,,-64.431140,Close Long,0.485134
2025-11-28T14:31:37.988Z,TSLA,SELL,0.2,430.5200,86.10,Close Long,,,,1.283600,Close Long,0.006888
2025-11-28T14:31:37.988Z,TSLA,SELL,0.37,430.5200,159.29,Close Long,,,,2.374660,Close Long,0.012743
2025-11-28T14:31:37.988Z,TSLA,SELL,0.5,430.5200,215.26,Close Long,,,,3.209000,Close Long,0.017220
2025-11-28T14:31:37.988Z,TSLA,SELL,0.5,430.5200,215.26,Close Long,,,,3.209000,Close Long,0.017220
2025-11-28T14:31:37.988Z,TSLA,SELL,0.87,430.5200,374.55,Close Long,,,,5.583660,Close Long,0.029964
2025-11-28T14:31:37.988Z,TSLA,SELL,1.013,430.5200,436.12,Close Long,,,,6.501434,Close Long,0.034889
2025-11-28T15:29:37.404Z,NVDA,SELL,77.989,177.2305,13822.03,Close Long,,,,-231.665809,Close Long,1.105759
2025-11-28T16:08:42.936Z,GOOGL,SELL,0.997,319.1200,318.16,Open Short,,,,0.000000,Open Short,0.007635
2025-11-28T16:08:43.140Z,GOOGL,SELL,1,319.1200,319.12,Open Short,,,,0.000000,Open Short,0.007658
2025-11-28T16:08:44.038Z,GOOGL,SELL,0.04,319.1200,12.76,Open Short,,,,0.000000,Open Short,0.000306
2025-11-28T16:17:22.329Z,TSLA,BUY,2.5,432.3100,-1080.78,Open Long,,,,0.000000,Open Long,0.025938
2025-11-28T16:17:23.739Z,TSLA,BUY,2.5,432.3100,-1080.78,Open Long,,,,0.000000,Open Long,0.025938
2025-11-28T16:17:25.071Z,TSLA,BUY,1.243,432.3100,-537.36,Open Long,,,,0.000000,Open Long,0.012896
2025-11-28T16:17:25.156Z,TSLA,BUY,2.5,432.3100,-1080.78,Open Long,,,,0.000000,Open Long,0.025938
2025-11-28T17:38:52.777Z,MSFT,BUY,0.3,491.2600,-147.38,Open Long,,,,0.000000,Open Long,0.003537
2025-11-28T17:38:52.992Z,MSFT,SELL,0.9,491.2386,442.11,Close Long,,,,2.498010,Close Long,0.035368
2025-11-28T19:51:05.021Z,GOOGL,BUY,2.037,320.2700,-652.39,Close Short,,,,-2.342550,Close Short,0.052191
2025-11-28T21:17:45.566Z,NVDA,BUY,1.13,176.8600,-199.85,Open Long,,,,0.000000,Open Long,0.004796
2025-11-28T21:17:50.045Z,NVDA,BUY,1.13,176.8600,-199.85,Open Long,,,,0.000000,Open Long,0.004796
2025-11-28T21:17:51.060Z,NVDA,BUY,0.464,176.8600,-82.06,Open Long,,,,0.000000,Open Long,0.001969
2025-11-28T21:17:56.523Z,NVDA,BUY,1.13,176.8600,-199.85,Open Long,,,,0.000000,Open Long,0.004796
2025-11-28T21:18:07.596Z,NVDA,BUY,1.13,176.8600,-199.85,Open Long,,,,0.000000,Open Long,0.004796
2025-11-28T22:27:40.820Z,MSFT,SELL,0.5,492.1200,246.06,Close Long,,,,1.828500,Close Long,0.019684
2025-11-28T22:47:37.036Z,PLTR,BUY,15,168.9100,-2533.65,Open Long,,,,0.000000,Open Long,0.202691
2025-11-29T04:35:04.844Z,NVDA,SELL,2,176.5000,353.00,Close Long,,,,-0.720000,Close Long,0.028240
2025-11-29T05:51:01.204Z,MSFT,SELL,0.981,492.1400,482.79,Close Long,,,,3.607137,Close Long,0.038622
2025-11-29T08:26:25.731Z,PLTR,BUY,18.906,169.2500,-3199.84,Open Long,,,,0.000000,Open Long,0.076796
2025-11-29T10:18:19.897Z,PLTR,SELL,44,173.0374,7613.65,Close Long,,,,240.214530,Close Long,0.609076
2025-11-29T14:38:16.979Z,GOOGL,BUY,0.879,319.7600,-281.07,Open Long,,,,0.000000,Open Long,0.006745
2025-11-30T05:34:52.332Z,GOOGL,SELL,0.879,319.8300,281.13,Close Long,,,,0.061530,Close Long,0.022490
2025-11-30T05:45:13.824Z,NVDA,SELL,2.984,176.7500,527.42,Close Long,,,,-0.328240,Close Long,0.042189
2025-11-30T22:48:57.677Z,MSFT,BUY,2.23,494.6200,-1103.00,Open Long,,,,0.000000,Open Long,0.088239
2025-12-01T00:52:34.962Z,MSFT,SELL,2.23,492.5043,1098.28,Close Long,,,,-4.716073,Close Long,0.087861
2025-12-01T01:07:52.103Z,MSFT,BUY,5.095,490.8800,-2501.03,Open Long,,,,0.000000,Open Long,0.060024
2025-12-01T01:07:52.500Z,MSFT,BUY,0.905,490.8800,-444.25,Open Long,,,,0.000000,Open Long,0.010661
2025-12-01T01:52:10.088Z,PLTR,SELL,42.658,165.7000,7068.43,Close Long,,,,-80.111724,Close Long,0.565472
2025-12-01T02:12:06.586Z,XYZ100,SELL,0.2,25228.0000,5045.60,Close Long,,,,-0.800000,Close Long,0.403647
2025-12-01T04:52:01.463Z,XYZ100,BUY,0.0439,25190.0000,-1105.84,Open Long,,,,0.000000,Open Long,0.026540
2025-12-01T04:52:03.083Z,XYZ100,BUY,0.25,25190.0000,-6297.50,Open Long,,,,0.000000,Open Long,0.151140
2025-12-01T04:52:04.844Z,XYZ100,BUY,0.004,25190.0000,-100.76,Open Long,,,,0.000000,Open Long,0.002418
2025-12-01T04:52:11.102Z,XYZ100,BUY,0.1722,25190.0000,-4337.72,Open Long,,,,0.000000,Open Long,0.104105
2025-12-01T04:52:11.201Z,XYZ100,BUY,0.1722,25190.0000,-4337.72,Open Long,,,,0.000000,Open Long,0.104105
2025-12-01T04:52:11.311Z,XYZ100,BUY,0.1077,25190.0000,-2712.96,Open Long,,,,0.000000,Open Long,0.065111
2025-12-01T04:59:40.108Z,MSFT,BUY,0.475,487.8800,-231.74,Open Long,,,,0.000000,Open Long,0.018538
2025-12-01T05:54:37.654Z,XYZ100,SELL,0.75,25166.0000,18874.50,Close Long,,,,-18.000000,Close Long,1.509944
2025-12-01T07:12:01.828Z,MSFT,SELL,6.475,487.2799,3155.14,Close Long,,,,-21.879555,Close Long,0.252408
2025-12-01T07:35:30.995Z,TSLA,SELL,8.743,425.9282,3723.89,Close Long,,,,-55.795950,Close Long,0.297909
2025-12-01T07:44:44.387Z,MSFT,BUY,0.089,488.2500,-43.45,Open Long,,,,0.000000,Open Long,0.001042
2025-12-01T07:44:45.404Z,MSFT,BUY,0.086,488.2500,-41.99,Open Long,,,,0.000000,Open Long,0.001007
2025-12-01T07:44:45.509Z,MSFT,BUY,0.102,488.2500,-49.80,Open Long,,,,0.000000,Open Long,0.001195
2025-12-01T07:44:47.596Z,MSFT,BUY,0.102,488.2500,-49.80,Open Long,,,,0.000000,Open Long,0.001195
2025-12-01T08:25:37.039Z,GOOGL,BUY,1.699,317.4900,-539.42,Open Long,,,,0.000000,Open Long,0.012945
2025-12-01T14:52:35.867Z,NVDA,BUY,10.78,177.7000,-1915.61,Open Long,,,,0.000000,Open Long,0.153248
2025-12-01T14:52:37.922Z,NVDA,BUY,22.67,177.7100,-4028.69,Open Long,,,,0.000000,Open Long,0.096688
2025-12-01T14:52:40.229Z,NVDA,BUY,17,177.7100,-3021.07,Open Long,,,,0.000000,Open Long,0.072505
2025-12-01T14:52:41.516Z,NVDA,BUY,0.562,177.7100,-99.87,Open Long,,,,0.000000,Open Long,0.002396
2025-12-01T14:52:56.154Z,NVDA,BUY,8.792,177.7100,-1562.43,Open Long,,,,0.000000,Open Long,0.037497
2025-12-01T14:52:56.672Z,NVDA,BUY,12,177.7100,-2132.52,Open Long,,,,0.000000,Open Long,0.051180
2025-12-01T14:53:00.812Z,NVDA,BUY,17.761,177.7100,-3156.31,Open Long,,,,0.000000,Open Long,0.075751
2025-12-01T14:53:01.049Z,NVDA,BUY,23.025,177.7100,-4091.77,Open Long,,,,0.000000,Open Long,0.098202
2025-12-01T15:44:29.270Z,NVDA,BUY,22.69,179.4600,-4071.95,Open Long,,,,0.000000,Open Long,0.097724
2025-12-01T16:45:24.561Z,NVDA,BUY,11.259,179.2800,-2018.51,Open Long,,,,0.000000,Open Long,0.048444
2025-12-01T16:45:26.137Z,NVDA,BUY,7,179.2800,-1254.96,Open Long,,,,0.000000,Open Long,0.030119
2025-12-01T16:45:26.189Z,NVDA,BUY,1.741,179.2800,-312.13,Open Long,,,,0.000000,Open Long,0.007491
2025-12-01T16:54:23.662Z,NVDA,BUY,50,179.5700,-8978.50,Open Long,,,,0.000000,Open Long,0.215483
2025-12-01T17:49:39.471Z,NVDA,BUY,7,180.1400,-1260.98,Open Long,,,,0.000000,Open Long,0.030263
2025-12-01T17:49:40.080Z,NVDA,BUY,41.995,180.1400,-7564.98,Open Long,,,,0.000000,Open Long,0.181559
2025-12-01T17:49:41.624Z,NVDA,BUY,4.904,180.1400,-883.41,Open Long,,,,0.000000,Open Long,0.021201
2025-12-01T17:49:42.912Z,NVDA,BUY,1.101,180.1400,-198.33,Open Long,,,,0.000000,Open Long,0.004760
2025-12-01T18:11:27.971Z,NVDA,BUY,50,179.4400,-8972.00,Open Long,,,,0.000000,Open Long,0.717759
2025-12-01T18:28:56.751Z,NVDA,BUY,27.84,179.5300,-4998.12,Open Long,,,,0.000000,Open Long,0.119954
2025-12-01T19:01:24.583Z,NVDA,BUY,4,179.8200,-719.28,Open Long,,,,0.000000,Open Long,0.017262
2025-12-01T19:01:27.129Z,NVDA,BUY,23.8,179.8200,-4279.72,Open Long,,,,0.000000,Open Long,0.102713
2025-12-01T19:48:49.596Z,NVDA,BUY,72,179.1700,-12900.24,Open Long,,,,0.000000,Open Long,0.309605
2025-12-01T19:55:58.051Z,TSLA,SELL,6.337,426.4500,2702.41,Open Short,,,,0.000000,Open Short,0.216192
2025-12-01T19:56:19.882Z,TSLA,SELL,0.235,426.4500,100.22,Open Short,,,,0.000000,Open Short,0.002405
2025-12-01T19:56:31.799Z,TSLA,SELL,2.5,426.4500,1066.13,Open Short,,,,0.000000,Open Short,0.025587
2025-12-01T19:56:32.472Z,TSLA,SELL,15.928,426.4500,6792.50,Open Short,,,,0.000000,Open Short,0.163018
2025-12-01T20:39:40.330Z,NVDA,BUY,2.785,179.7500,-500.60,Open Long,,,,0.000000,Open Long,0.040048
2025-12-01T20:39:40.975Z,NVDA,BUY,47.215,179.7500,-8486.90,Open Long,,,,0.000000,Open Long,0.203685
2025-12-01T21:44:46.240Z,NVDA,BUY,11.265,180.0100,-2027.81,Open Long,,,,0.000000,Open Long,0.048667
2025-12-01T23:09:08.937Z,TSLA,BUY,25,429.7900,-10744.75,Close Short,,,,-83.500000,Close Short,0.859580
2025-12-01T23:09:09.738Z,GOOGL,SELL,1.699,315.8102,536.56,Close Long,,,,-2.853920,Close Long,0.042923
2025-12-02T00:01:28.528Z,NVDA,BUY,3.576,179.7500,-642.79,Open Long,,,,0.000000,Open Long,0.015426
2025-12-02T00:01:29.561Z,NVDA,BUY,0.737,179.7500,-132.48,Open Long,,,,0.000000,Open Long,0.003178
2025-12-02T00:01:29.655Z,NVDA,BUY,0.144,179.7500,-25.88,Open Long,,,,0.000000,Open Long,0.000621
2025-12-02T00:01:32.173Z,NVDA,BUY,0.217,179.7500,-39.01,Open Long,,,,0.000000,Open Long,0.000936
2025-12-02T00:01:32.380Z,NVDA,BUY,0.13,179.7500,-23.37,Open Long,,,,0.000000,Open Long,0.000560
2025-12-02T00:01:35.003Z,NVDA,BUY,0.104,179.7500,-18.69,Open Long,,,,0.000000,Open Long,0.000448
2025-12-02T00:01:35.078Z,NVDA,BUY,0.226,179.7500,-40.62,Open Long,,,,0.000000,Open Long,0.000974
2025-12-02T01:20:37.557Z,MSFT,SELL,0.379,487.0000,184.57,Close Long,,,,-0.473750,Close Long,0.014765
2025-12-02T07:21:14.632Z,NVDA,BUY,1,179.9700,-179.97,Open Long,,,,0.000000,Open Long,0.004319
2025-12-02T07:21:15.224Z,NVDA,BUY,1,179.9700,-179.97,Open Long,,,,0.000000,Open Long,0.004319
2025-12-02T07:21:15.611Z,NVDA,BUY,1,179.9700,-179.97,Open Long,,,,0.000000,Open Long,0.004319
2025-12-02T07:21:15.746Z,NVDA,BUY,7,179.9700,-1259.79,Open Long,,,,0.000000,Open Long,0.030234
2025-12-02T07:50:28.970Z,GOOGL,SELL,2.4,315.7000,757.68,Open Short,,,,0.000000,Open Short,0.060614
2025-12-02T08:08:51.981Z,NVDA,BUY,10,179.2500,-1792.50,Open Long,,,,0.000000,Open Long,0.143400
2025-12-02T08:08:59.564Z,NVDA,BUY,1,179.2500,-179.25,Open Long,,,,0.000000,Open Long,0.004302
2025-12-02T08:08:59.987Z,NVDA,BUY,1,179.2500,-179.25,Open Long,,,,0.000000,Open Long,0.004302
2025-12-02T08:09:00.593Z,NVDA,BUY,1,179.2500,-179.25,Open Long,,,,0.000000,Open Long,0.004302
2025-12-02T08:09:01.122Z,NVDA,BUY,7,179.2500,-1254.75,Open Long,,,,0.000000,Open Long,0.030114
2025-12-02T11:32:03.873Z,GOOGL,BUY,2.4,317.8530,-762.85,Close Short,,,,-5.167170,Close Short,0.061025
2025-12-02T14:37:18.622Z,NVDA,SELL,11.26,185.0200,2083.33,Close Long,,,,65.657060,Close Long,0.166666
2025-12-02T14:37:18.622Z,NVDA,SELL,11.27,185.0200,2085.18,Close Long,,,,65.715370,Close Long,0.166814
2025-12-02T14:37:18.622Z,NVDA,SELL,20,185.0200,3700.40,Close Long,,,,116.620000,Close Long,0.296032
2025-12-02T14:37:18.622Z,NVDA,SELL,20,185.0200,3700.40,Close Long,,,,116.620000,Close Long,0.296032
2025-12-02T14:37:18.622Z,NVDA,SELL,22.69,185.0200,4198.10,Close Long,,,,132.305390,Close Long,0.335848
2025-12-02T14:37:18.622Z,NVDA,SELL,27.8,185.0200,5143.56,Close Long,,,,162.101800,Close Long,0.411484
2025-12-02T14:37:18.622Z,NVDA,SELL,27.84,185.0200,5150.96,Close Long,,,,162.335040,Close Long,0.412076
2025-12-02T14:37:18.622Z,NVDA,SELL,50,185.0200,9251.00,Close Long,,,,291.550000,Close Long,0.740079
2025-12-02T14:37:18.622Z,NVDA,SELL,50,185.0200,9251.00,Close Long,,,,291.550000,Close Long,0.740080
2025-12-02T14:37:18.622Z,NVDA,SELL,50,185.0200,9251.00,Close Long,,,,291.550000,Close Long,0.740080
2025-12-02T14:37:18.622Z,NVDA,SELL,55,185.0200,10176.10,Close Long,,,,320.705000,Close Long,0.814088
2025-12-02T14:37:18.622Z,NVDA,SELL,72,185.0166,13321.19,Close Long,,,,419.583650,Close Long,1.065693
2025-12-02T14:37:18.622Z,NVDA,SELL,112.59,185.0100,20830.28,Close Long,,,,655.386390,Close Long,1.666422
2025-12-02T15:29:40.055Z,PLTR,SELL,36.381,172.9700,6292.82,Open Short,,,,0.000000,Open Short,0.151027
2025-12-02T15:29:41.662Z,PLTR,SELL,38.519,172.9700,6662.63,Open Short,,,,0.000000,Open Short,0.159903
2025-12-02T15:53:59.682Z,PLTR,BUY,74.9,173.5233,-12996.89,Close Short,,,,-41.439630,Close Short,1.039750
2025-12-02T17:05:39.404Z,PLTR,BUY,25.309,171.8600,-4349.60,Open Long,,,,0.000000,Open Long,0.104390
2025-12-02T17:06:00.492Z,PLTR,BUY,49.901,171.8600,-8575.99,Open Long,,,,0.000000,Open Long,0.205823
2025-12-02T17:13:44.799Z,PLTR,SELL,75.21,171.6404,12909.07,Close Long,,,,-16.519500,Close Long,1.032725
2025-12-02T17:33:12.889Z,XYZ100,BUY,1.52,25570.0000,-38866.40,Open Long,,,,0.000000,Open Long,3.109306
2025-12-02T18:50:35.233Z,AMZN,BUY,0.058,234.9000,-13.62,Open Long,,,,0.000000,Open Long,0.000326
2025-12-02T18:50:40.790Z,AMZN,BUY,2,234.9000,-469.80,Open Long,,,,0.000000,Open Long,0.011275
2025-12-02T18:50:41.522Z,AMZN,BUY,0.696,234.9000,-163.49,Open Long,,,,0.000000,Open Long,0.003923
2025-12-02T18:50:42.206Z,AMZN,BUY,2,234.9000,-469.80,Open Long,,,,0.000000,Open Long,0.011275
2025-12-02T18:50:42.408Z,AMZN,BUY,0.047,234.9000,-11.04,Open Long,,,,0.000000,Open Long,0.000264
2025-12-02T18:50:42.612Z,AMZN,BUY,0.05,234.9000,-11.75,Open Long,,,,0.000000,Open Long,0.000281
2025-12-02T18:50:43.011Z,AMZN,BUY,0.047,234.9000,-11.04,Open Long,,,,0.000000,Open Long,0.000264
2025-12-02T18:50:43.617Z,AMZN,BUY,2,234.9000,-469.80,Open Long,,,,0.000000,Open Long,0.011275
2025-12-02T18:50:43.797Z,AMZN,BUY,1.934,234.9000,-454.30,Open Long,,,,0.000000,Open Long,0.010903
2025-12-02T18:50:44.829Z,AMZN,BUY,0.05,234.9000,-11.75,Open Long,,,,0.000000,Open Long,0.000281
2025-12-02T18:50:45.283Z,AMZN,BUY,0.12,234.9000,-28.19,Open Long,,,,0.000000,Open Long,0.000676
2025-12-02T18:50:46.112Z,AMZN,BUY,0.1,234.9000,-23.49,Open Long,,,,0.000000,Open Long,0.000563
2025-12-02T18:50:46.730Z,AMZN,BUY,0.049,234.9000,-11.51,Open Long,,,,0.000000,Open Long,0.000276
2025-12-02T18:50:46.872Z,AMZN,BUY,0.057,234.9000,-13.39,Open Long,,,,0.000000,Open Long,0.000321
2025-12-02T18:50:47.675Z,AMZN,BUY,0.12,234.9000,-28.19,Open Long,,,,0.000000,Open Long,0.000676
2025-12-02T19:00:30.731Z,NVDA,BUY,0.55,181.2900,-99.71,Open Long,,,,0.000000,Open Long,0.002393
2025-12-02T19:00:30.889Z,NVDA,BUY,2.758,181.2900,-500.00,Open Long,,,,0.000000,Open Long,0.011999
2025-12-02T19:00:31.489Z,NVDA,BUY,0.562,181.2900,-101.88,Open Long,,,,0.000000,Open Long,0.002445
2025-12-02T19:24:45.594Z,PLTR,BUY,4.351,170.8500,-743.37,Open Long,,,,0.000000,Open Long,0.017840
2025-12-02T19:24:46.392Z,PLTR,BUY,1.046,170.8500,-178.71,Open Long,,,,0.000000,Open Long,0.004287
2025-12-02T19:24:48.998Z,PLTR,BUY,0.052,170.8500,-8.88,Open Long,,,,0.000000,Open Long,0.000213
2025-12-02T19:24:49.144Z,PLTR,BUY,0.467,170.8500,-79.79,Open Long,,,,0.000000,Open Long,0.001914
2025-12-02T19:30:39.517Z,PLTR,BUY,6,171.1600,-1026.96,Open Long,,,,0.000000,Open Long,0.024647
2025-12-02T20:01:14.919Z,NVDA,BUY,7.74,181.5900,-1405.51,Open Long,,,,0.000000,Open Long,0.112436
2025-12-02T21:36:04.640Z,PLTR,BUY,5,171.0900,-855.45,Open Long,,,,0.000000,Open Long,0.020530
2025-12-02T21:36:06.138Z,PLTR,BUY,5,171.0900,-855.45,Open Long,,,,0.000000,Open Long,0.020530
2025-12-02T21:36:07.564Z,PLTR,BUY,1.92,171.0900,-328.49,Open Long,,,,0.000000,Open Long,0.007883
2025-12-02T21:54:45.215Z,MSFT,BUY,4.07,490.7900,-1997.52,Open Long,,,,0.000000,Open Long,0.047940
2025-12-03T00:53:50.931Z,AMZN,SELL,9.328,234.4300,2186.76,Close Long,,,,-4.384160,Close Long,0.174939
2025-12-03T01:35:27.920Z,AMZN,BUY,0.12,235.0000,-28.20,Open Long,,,,0.000000,Open Long,0.000676
2025-12-03T01:35:28.685Z,AMZN,BUY,2,235.0000,-470.00,Open Long,,,,0.000000,Open Long,0.011280
2025-12-03T01:35:28.843Z,AMZN,BUY,0.1,235.0000,-23.50,Open Long,,,,0.000000,Open Long,0.000564
2025-12-03T01:35:33.359Z,AMZN,BUY,0.12,235.0000,-28.20,Open Long,,,,0.000000,Open Long,0.000676
2025-12-03T02:11:28.899Z,AMZN,SELL,2.34,235.1300,550.20,Close Long,,,,0.304200,Close Long,0.044016
2025-12-03T03:55:28.530Z,TSLA,SELL,4.7,429.6300,2019.26,Open Short,,,,0.000000,Open Short,0.161539
2025-12-03T04:26:26.550Z,NVDA,BUY,5.5,182.3200,-1002.76,Open Long,,,,0.000000,Open Long,0.024066
2025-12-03T05:41:27.486Z,XYZ100,BUY,0.15,25622.0000,-3843.30,Open Long,,,,0.000000,Open Long,0.092239
2025-12-03T06:35:28.290Z,NVDA,BUY,2.75,182.0900,-500.75,Open Long,,,,0.000000,Open Long,0.012017
2025-12-03T07:43:32.653Z,PLTR,BUY,5.77,171.6200,-990.25,Open Long,,,,0.000000,Open Long,0.079219
2025-12-03T09:14:52.158Z,NVDA,BUY,0.368,182.2500,-67.07,Open Long,,,,0.000000,Open Long,0.005365
2025-12-03T09:15:06.687Z,NVDA,BUY,5.112,182.2500,-931.66,Open Long,,,,0.000000,Open Long,0.022359
2025-12-03T10:12:05.264Z,TSLA,BUY,4.7,430.4989,-2023.34,Close Short,,,,-4.083960,Close Short,0.161865
2025-12-03T14:01:24.699Z,MSFT,SELL,4.07,482.6500,1964.39,Close Long,,,,-33.129800,Close Long,0.157150
2025-12-03T14:32:53.254Z,MSFT,BUY,5.63,479.0100,-2696.83,Open Long,,,,0.000000,Open Long,0.064723
2025-12-03T14:39:10.130Z,MSFT,BUY,8.072,476.6200,-3847.28,Open Long,,,,0.000000,Open Long,0.092334
2025-12-03T14:39:12.398Z,MSFT,BUY,0.5,476.6200,-238.31,Open Long,,,,0.000000,Open Long,0.005719
2025-12-03T15:06:22.937Z,TSLA,BUY,22.67,440.5500,-9987.27,Open Long,,,,0.000000,Open Long,0.798981
2025-12-03T16:05:52.499Z,PLTR,BUY,23,173.3000,-3985.90,Open Long,,,,0.000000,Open Long,0.095661
2025-12-03T16:06:03.427Z,NVDA,BUY,19.758,181.1200,-3578.57,Open Long,,,,0.000000,Open Long,0.085885
2025-12-03T16:06:03.572Z,NVDA,BUY,2.102,181.1200,-380.71,Open Long,,,,0.000000,Open Long,0.009137
2025-12-03T16:31:37.626Z,NVDA,BUY,15.491,180.6600,-2798.60,Open Long,,,,0.000000,Open Long,0.067166
2025-12-03T16:41:29.038Z,PLTR,BUY,1.152,173.5700,-199.95,Open Long,,,,0.000000,Open Long,0.015996
2025-12-03T16:41:30.145Z,PLTR,BUY,0.001,173.5700,-0.17,Open Long,,,,0.000000,Open Long,0.000004
2025-12-03T16:41:30.719Z,TSLA,SELL,22.67,441.5082,10008.99,Close Long,,,,21.722440,Close Long,0.800717
2025-12-03T16:41:30.814Z,PLTR,BUY,51.457,173.5700,-8931.39,Open Long,,,,0.000000,Open Long,0.214353
2025-12-03T16:55:43.585Z,NVDA,BUY,27.78,180.3700,-5010.68,Open Long,,,,0.000000,Open Long,0.120256
2025-12-03T17:25:02.777Z,GOOGL,BUY,4.284,319.9200,-1370.54,Open Long,,,,0.000000,Open Long,0.109642
2025-12-03T17:54:02.116Z,MSFT,BUY,2.072,482.6300,-1000.01,Open Long,,,,0.000000,Open Long,0.024000
2025-12-03T18:39:04.780Z,AMZN,SELL,15.503,232.0300,3597.16,Open Short,,,,0.000000,Open Short,0.086331
2025-12-03T19:17:27.084Z,TSLA,BUY,2.236,447.3100,-1000.19,Open Long,,,,0.000000,Open Long,0.024004
2025-12-03T19:51:28.756Z,MSFT,SELL,16.274,482.6365,7854.43,Close Long,,,,72.004202,Close Long,0.628348
2025-12-03T20:00:33.765Z,PLTR,SELL,6,174.9600,1049.76,Close Long,,,,12.768000,Close Long,0.083980
2025-12-03T20:00:33.765Z,PLTR,SELL,11.92,174.9600,2085.52,Close Long,,,,25.365760,Close Long,0.166841
2025-12-03T20:11:05.452Z,PLTR,BUY,87.3,175.0200,-15279.25,Open Long,,,,0.000000,Open Long,1.222338
2025-12-03T20:34:00.789Z,AMZN,BUY,15.503,232.9697,-3611.73,Close Short,,,,-14.567430,Close Short,0.288937
2025-12-03T21:34:06.680Z,PLTR,BUY,24.337,176.1500,-4286.96,Open Long,,,,0.000000,Open Long,0.342957
2025-12-03T21:34:08.601Z,PLTR,BUY,20.663,176.1500,-3639.79,Open Long,,,,0.000000,Open Long,0.087354
2025-12-03T22:12:28.361Z,TSLA,SELL,2.236,446.1703,997.64,Close Long,,,,-2.548380,Close Long,0.079810
2025-12-03T23:10:12.610Z,PLTR,BUY,56.85,175.8500,-9997.07,Open Long,,,,0.000000,Open Long,0.239928
2025-12-03T23:30:31.486Z,PLTR,BUY,5.646,175.7800,-992.45,Open Long,,,,0.000000,Open Long,0.079395
2025-12-04T00:46:50.493Z,PLTR,BUY,30,175.9000,-5277.00,Open Long,,,,0.000000,Open Long,0.126648
2025-12-04T00:53:06.652Z,NVDA,SELL,94.34,179.9109,16972.79,Close Long,,,,-98.316000,Close Long,1.357821
2025-12-04T00:53:07.486Z,GOOGL,SELL,4.284,320.7500,1374.09,Close Long,,,,3.555720,Close Long,0.109927
2025-12-04T01:01:46.872Z,PLTR,BUY,2.398,175.6200,-421.14,Open Long,,,,0.000000,Open Long,0.010107
2025-12-04T01:01:48.273Z,PLTR,BUY,5,175.6200,-878.10,Open Long,,,,0.000000,Open Long,0.021074
2025-12-04T01:01:49.695Z,PLTR,BUY,5,175.6200,-878.10,Open Long,,,,0.000000,Open Long,0.021074
2025-12-04T01:01:51.261Z,PLTR,BUY,5,175.6200,-878.10,Open Long,,,,0.000000,Open Long,0.021074
2025-12-04T01:01:52.676Z,PLTR,BUY,5,175.6200,-878.10,Open Long,,,,0.000000,Open Long,0.021074
2025-12-04T01:01:53.986Z,PLTR,BUY,0.25,175.6200,-43.91,Open Long,,,,0.000000,Open Long,0.001053
2025-12-04T01:01:54.200Z,PLTR,BUY,5,175.6200,-878.10,Open Long,,,,0.000000,Open Long,0.021074
2025-12-04T01:01:55.888Z,PLTR,BUY,5,175.6200,-878.10,Open Long,,,,0.000000,Open Long,0.021074
2025-12-04T01:01:56.301Z,PLTR,BUY,0.159,175.6200,-27.92,Open Long,,,,0.000000,Open Long,0.000670
2025-12-04T01:01:56.620Z,PLTR,BUY,0.159,175.6200,-27.92,Open Long,,,,0.000000,Open Long,0.000670
2025-12-04T01:01:56.712Z,PLTR,BUY,0.25,175.6200,-43.91,Open Long,,,,0.000000,Open Long,0.001053
2025-12-04T01:01:56.813Z,PLTR,BUY,0.25,175.6200,-43.91,Open Long,,,,0.000000,Open Long,0.001053
2025-12-04T01:01:57.099Z,PLTR,BUY,0.25,175.6200,-43.91,Open Long,,,,0.000000,Open Long,0.001053
2025-12-04T01:01:57.527Z,PLTR,BUY,5,175.6200,-878.10,Open Long,,,,0.000000,Open Long,0.021074
2025-12-04T01:01:57.826Z,PLTR,BUY,0.25,175.6200,-43.91,Open Long,,,,0.000000,Open Long,0.001053
2025-12-04T01:01:58.296Z,PLTR,BUY,0.25,175.6200,-43.91,Open Long,,,,0.000000,Open Long,0.001053
2025-12-04T01:01:59.076Z,PLTR,BUY,5,175.6200,-878.10,Open Long,,,,0.000000,Open Long,0.021074
2025-12-04T01:01:59.203Z,PLTR,BUY,0.106,175.6200,-18.62,Open Long,,,,0.000000,Open Long,0.000446
2025-12-04T01:02:00.081Z,PLTR,BUY,0.25,175.6200,-43.91,Open Long,,,,0.000000,Open Long,0.001053
2025-12-04T01:02:00.576Z,PLTR,BUY,5,175.6200,-878.10,Open Long,,,,0.000000,Open Long,0.021074
2025-12-04T01:02:00.915Z,PLTR,BUY,0.25,175.6200,-43.91,Open Long,,,,0.000000,Open Long,0.001053
2025-12-04T01:02:01.156Z,PLTR,BUY,0.25,175.6200,-43.91,Open Long,,,,0.000000,Open Long,0.001053
2025-12-04T01:02:01.362Z,PLTR,BUY,0.25,175.6200,-43.91,Open Long,,,,0.000000,Open Long,0.001053
2025-12-04T01:02:02.034Z,PLTR,BUY,5.25,175.6200,-922.00,Open Long,,,,0.000000,Open Long,0.022127
2025-12-04T01:02:02.658Z,PLTR,BUY,0.25,175.6200,-43.91,Open Long,,,,0.000000,Open Long,0.001053
2025-12-04T01:02:03.352Z,PLTR,BUY,0.25,175.6200,-43.91,Open Long,,,,0.000000,Open Long,0.001053
2025-12-04T01:02:03.623Z,PLTR,BUY,5.25,175.6200,-922.00,Open Long,,,,0.000000,Open Long,0.022127
2025-12-04T01:02:04.982Z,PLTR,BUY,5,175.6200,-878.10,Open Long,,,,0.000000,Open Long,0.021074
2025-12-04T01:02:05.298Z,PLTR,BUY,0.25,175.6200,-43.91,Open Long,,,,0.000000,Open Long,0.001053
2025-12-04T01:02:05.682Z,PLTR,BUY,0.25,175.6200,-43.91,Open Long,,,,0.000000,Open Long,0.001053
2025-12-04T01:02:05.940Z,PLTR,BUY,0.25,175.6200,-43.91,Open Long,,,,0.000000,Open Long,0.001053
2025-12-04T01:02:06.432Z,PLTR,BUY,5,175.6200,-878.10,Open Long,,,,0.000000,Open Long,0.021074
2025-12-04T01:02:07.515Z,PLTR,BUY,0.25,175.6200,-43.91,Open Long,,,,0.000000,Open Long,0.001053
2025-12-04T01:02:07.842Z,PLTR,BUY,5,175.6200,-878.10,Open Long,,,,0.000000,Open Long,0.021074
2025-12-04T01:02:08.131Z,PLTR,BUY,0.25,175.6200,-43.91,Open Long,,,,0.000000,Open Long,0.001053
2025-12-04T01:02:08.542Z,PLTR,BUY,0.25,175.6200,-43.91,Open Long,,,,0.000000,Open Long,0.001053
2025-12-04T01:02:08.808Z,PLTR,BUY,0.25,175.6200,-43.91,Open Long,,,,0.000000,Open Long,0.001053
2025-12-04T01:02:09.341Z,PLTR,BUY,5,175.6200,-878.10,Open Long,,,,0.000000,Open Long,0.021074
2025-12-04T01:02:10.002Z,PLTR,BUY,0.25,175.6200,-43.91,Open Long,,,,0.000000,Open Long,0.001053
2025-12-04T01:02:10.865Z,PLTR,BUY,0.25,175.6200,-43.91,Open Long,,,,0.000000,Open Long,0.001053
2025-12-04T01:02:10.934Z,PLTR,BUY,5,175.6200,-878.10,Open Long,,,,0.000000,Open Long,0.021074
2025-12-04T01:02:11.153Z,PLTR,BUY,0.25,175.6200,-43.91,Open Long,,,,0.000000,Open Long,0.001053
2025-12-04T01:02:12.166Z,PLTR,BUY,0.25,175.6200,-43.91,Open Long,,,,0.000000,Open Long,0.001053
2025-12-04T01:02:12.328Z,PLTR,BUY,0.25,175.6200,-43.91,Open Long,,,,0.000000,Open Long,0.001053
2025-12-04T01:02:12.476Z,PLTR,BUY,0.25,175.6200,-43.91,Open Long,,,,0.000000,Open Long,0.001053
2025-12-04T01:02:13.176Z,PLTR,BUY,0.25,175.6200,-43.91,Open Long,,,,0.000000,Open Long,0.001053
2025-12-04T01:02:13.881Z,PLTR,BUY,5,175.6200,-878.10,Open Long,,,,0.000000,Open Long,0.021074
2025-12-04T01:02:14.184Z,PLTR,BUY,0.25,175.6200,-43.91,Open Long,,,,0.000000,Open Long,0.001053
2025-12-04T01:02:15.232Z,PLTR,BUY,5,175.6200,-878.10,Open Long,,,,0.000000,Open Long,0.021074
2025-12-04T01:02:15.587Z,PLTR,BUY,0.25,175.6200,-43.91,Open Long,,,,0.000000,Open Long,0.001053
2025-12-04T01:52:31.786Z,PLTR,BUY,0.119,176.0300,-20.95,Open Long,,,,0.000000,Open Long,0.000502
2025-12-04T03:14:39.665Z,GOOGL,BUY,0.625,319.8100,-199.88,Open Long,,,,0.000000,Open Long,0.004797
2025-12-04T07:20:29.053Z,PLTR,BUY,0.93,175.6600,-163.36,Open Long,,,,0.000000,Open Long,0.003920
2025-12-04T08:04:14.579Z,GOOGL,SELL,0.625,320.5600,200.35,Close Long,,,,0.468750,Close Long,0.016027
2025-12-04T08:04:28.928Z,PLTR,BUY,1.112,175.5600,-195.22,Open Long,,,,0.000000,Open Long,0.004685
2025-12-04T08:04:29.023Z,PLTR,BUY,1.064,175.5600,-186.80,Open Long,,,,0.000000,Open Long,0.004483
2025-12-04T08:04:34.370Z,PLTR,BUY,0.141,175.5600,-24.75,Open Long,,,,0.000000,Open Long,0.000594
2025-12-04T12:01:53.058Z,NVDA,BUY,1.532,180.4900,-276.51,Open Long,,,,0.000000,Open Long,0.006636
2025-12-04T13:35:13.287Z,NVDA,SELL,1.532,180.3000,276.22,Close Long,,,,-0.291080,Close Long,0.022097
2025-12-04T14:51:11.291Z,PLTR,BUY,56.665,176.5160,-10002.28,Open Long,,,,0.000000,Open Long,0.800182
2025-12-04T14:51:14.603Z,PLTR,BUY,56.66,176.5300,-10002.19,Open Long,,,,0.000000,Open Long,0.240052
2025-12-04T14:51:15.267Z,PLTR,BUY,56.67,176.5300,-10003.96,Open Long,,,,0.000000,Open Long,0.240093
2025-12-04T14:51:15.636Z,PLTR,BUY,5,176.5300,-882.65,Open Long,,,,0.000000,Open Long,0.021183
2025-12-04T14:51:17.544Z,PLTR,BUY,25.085,176.5300,-4428.26,Open Long,,,,0.000000,Open Long,0.106277
2025-12-04T15:01:42.688Z,NVDA,BUY,0.11,180.9300,-19.90,Open Long,,,,0.000000,Open Long,0.001592
2025-12-04T19:27:11.891Z,XYZ100,SELL,1.67,25496.0000,42578.32,Close Long,,,,-131.378900,Close Long,3.406265
2025-12-04T21:46:26.176Z,PLTR,BUY,5.63,177.6200,-1000.00,Open Long,,,,0.000000,Open Long,0.024000
2025-12-05T08:36:53.923Z,NVDA,BUY,0.11,184.6300,-20.31,Open Long,,,,0.000000,Open Long,0.000487
2025-12-05T15:05:28.717Z,PLTR,SELL,5.77,180.0400,1038.83,Close Long,,,,26.034240,Close Long,0.083106
2025-12-05T15:05:28.717Z,PLTR,SELL,52.61,180.0400,9471.90,Close Long,,,,237.376320,Close Long,0.757752
2025-12-05T15:05:28.717Z,PLTR,SELL,87.3,180.0400,15717.49,Close Long,,,,393.897600,Close Long,1.257399
2025-12-05T15:05:28.717Z,PLTR,SELL,200.08,180.0306,36020.53,Close Long,,,,900.884020,Close Long,2.881641
2025-12-05T15:52:20.878Z,XYZ100,BUY,0.15,25732.0000,-3859.80,Open Long,,,,0.000000,Open Long,0.308784
2025-12-05T16:39:54.576Z,MSFT,BUY,8,479.5900,-3836.72,Open Long,,,,0.000000,Open Long,0.306937
2025-12-05T16:39:57.364Z,PLTR,BUY,5.592,178.8000,-999.85,Open Long,,,,0.000000,Open Long,0.023996
2025-12-05T16:40:00.330Z,PLTR,BUY,0.964,178.8000,-172.36,Open Long,,,,0.000000,Open Long,0.004136
2025-12-05T16:40:03.151Z,PLTR,BUY,5.592,178.8000,-999.85,Open Long,,,,0.000000,Open Long,0.023996
2025-12-05T16:40:04.422Z,PLTR,BUY,6.8,178.8000,-1215.84,Open Long,,,,0.000000,Open Long,0.029180
2025-12-05T16:40:04.626Z,PLTR,BUY,0.104,178.8000,-18.60,Open Long,,,,0.000000,Open Long,0.000446
2025-12-05T16:40:12.256Z,PLTR,BUY,5.592,178.8000,-999.85,Open Long,,,,0.000000,Open Long,0.023996
2025-12-05T16:40:12.768Z,PLTR,BUY,5.592,178.8000,-999.85,Open Long,,,,0.000000,Open Long,0.023996
2025-12-05T16:40:12.999Z,PLTR,BUY,81.754,178.8000,-14617.62,Open Long,,,,0.000000,Open Long,0.350822
2025-12-05T17:17:40.926Z,NVDA,BUY,0.3,182.1800,-54.65,Open Long,,,,0.000000,Open Long,0.001311
2025-12-05T17:59:35.269Z,PLTR,BUY,5.5,180.5900,-993.25,Open Long,,,,0.000000,Open Long,0.023837
2025-12-05T17:59:37.181Z,PLTR,BUY,0.187,180.5900,-33.77,Open Long,,,,0.000000,Open Long,0.000810
2025-12-05T18:57:10.356Z,PLTR,BUY,5.32,181.1000,-963.45,Open Long,,,,0.000000,Open Long,0.023122
2025-12-05T18:57:10.799Z,PLTR,BUY,5.516,181.1000,-998.95,Open Long,,,,0.000000,Open Long,0.023974
2025-12-05T18:57:11.602Z,PLTR,BUY,0.126,181.1000,-22.82,Open Long,,,,0.000000,Open Long,0.000547
2025-12-05T19:37:43.053Z,PLTR,BUY,5.505,181.7200,-1000.37,Open Long,,,,0.000000,Open Long,0.024008
2025-12-05T19:37:44.629Z,PLTR,BUY,194.495,181.7200,-35343.63,Open Long,,,,0.000000,Open Long,0.848247
2025-12-05T19:40:04.548Z,PLTR,SELL,45,182.0000,8190.00,Close Long,,,,165.060000,Close Long,0.655200
2025-12-05T20:33:30.772Z,PLTR,BUY,55,181.7900,-9998.45,Open Long,,,,0.000000,Open Long,0.239962
2025-12-05T20:48:28.753Z,PLTR,BUY,50,181.6200,-9081.00,Open Long,,,,0.000000,Open Long,0.217944
2025-12-05T22:06:24.781Z,PLTR,BUY,0.605,181.6300,-109.89,Open Long,,,,0.000000,Open Long,0.002637
2025-12-06T08:04:09.041Z,GOOGL,BUY,1.887,320.3800,-604.56,Open Long,,,,0.000000,Open Long,0.014509
2025-12-06T08:04:09.852Z,GOOGL,BUY,0.21,320.3800,-67.28,Open Long,,,,0.000000,Open Long,0.001614
2025-12-06T14:57:16.767Z,PLTR,BUY,21.477,181.2800,-3893.35,Open Long,,,,0.000000,Open Long,0.311467
2025-12-06T18:33:13.040Z,MSFT,BUY,0.339,481.6800,-163.29,Open Long,,,,0.000000,Open Long,0.003918
2025-12-06T18:33:42.050Z,MSFT,BUY,0.277,481.6800,-133.43,Open Long,,,,0.000000,Open Long,0.003202
2025-12-06T18:33:43.080Z,MSFT,BUY,0.384,481.6800,-184.97,Open Long,,,,0.000000,Open Long,0.004439
2025-12-06T22:14:45.567Z,GOOGL,SELL,2.097,319.4485,669.88,Close Long,,,,-1.952173,Close Long,0.053590
2025-12-07T20:09:16.343Z,NVDA,BUY,0.3,183.1600,-54.95,Open Long,,,,0.000000,Open Long,0.004395
2025-12-07T20:09:31.259Z,XYZ100,BUY,0.0281,25650.0000,-720.76,Open Long,,,,0.000000,Open Long,0.017298
2025-12-07T20:09:32.927Z,XYZ100,BUY,0.0195,25650.0000,-500.18,Open Long,,,,0.000000,Open Long,0.012004
2025-12-07T20:09:35.088Z,XYZ100,BUY,0.0006,25650.0000,-15.39,Open Long,,,,0.000000,Open Long,0.000369
2025-12-07T20:09:39.350Z,XYZ100,BUY,0.0195,25650.0000,-500.18,Open Long,,,,0.000000,Open Long,0.012004
2025-12-07T20:09:40.972Z,XYZ100,BUY,0.0323,25650.0000,-828.50,Open Long,,,,0.000000,Open Long,0.019883
2025-12-08T01:10:37.458Z,PLTR,SELL,105.23,182.2046,19173.39,Close Long,,,,343.222540,Close Long,1.725595
2025-12-08T05:29:07.079Z,GOOGL,BUY,0.062,322.6200,-20.00,Open Long,,,,0.000000,Open Long,0.000600
2025-12-08T05:29:21.779Z,GOOGL,BUY,1.188,322.6200,-383.27,Open Long,,,,0.000000,Open Long,0.011498
2025-12-08T07:09:26.768Z,MSFT,BUY,1.5,483.9800,-725.97,Open Long,,,,0.000000,Open Long,0.021779
2025-12-08T07:09:28.137Z,MSFT,BUY,0.5,483.9800,-241.99,Open Long,,,,0.000000,Open Long,0.007259
2025-12-08T07:45:05.859Z,MSFT,BUY,0.158,484.1900,-76.50,Open Long,,,,0.000000,Open Long,0.006885
2025-12-08T07:54:17.337Z,GOOGL,SELL,1.25,322.2700,402.84,Close Long,,,,-0.437500,Close Long,0.036255
2025-12-08T08:35:07.092Z,GOOGL,BUY,0.062,322.1600,-19.97,Open Long,,,,0.000000,Open Long,0.000599
2025-12-08T10:15:51.005Z,XYZ100,BUY,0.05,25738.0000,-1286.90,Open Long,,,,0.000000,Open Long,0.115821
2025-12-08T12:25:50.133Z,TSLA,SELL,0.492,449.0000,220.91,Open Short,,,,0.000000,Open Short,0.006627
2025-12-08T12:25:52.132Z,TSLA,SELL,0.487,449.0000,218.66,Open Short,,,,0.000000,Open Short,0.006559
2025-12-08T12:25:52.867Z,TSLA,SELL,0.427,449.0000,191.72,Open Short,,,,0.000000,Open Short,0.005751
2025-12-08T13:12:01.121Z,GOOGL,SELL,0.062,321.0000,19.90,Close Long,,,,-0.071920,Close Long,0.001791
2025-12-08T13:12:01.793Z,PLTR,SELL,581.221,181.6798,105596.13,Close Long,,,,1590.704347,Close Long,9.503650
2025-12-08T13:54:24.987Z,TSLA,BUY,1.406,448.2700,-630.27,Close Short,,,,1.026380,Close Short,0.056724
2025-12-08T14:07:35.728Z,XYZ100,BUY,0.0042,25784.0000,-108.29,Open Long,,,,0.000000,Open Long,0.003248
2025-12-08T14:07:40.292Z,XYZ100,BUY,0.0958,25784.0000,-2470.11,Open Long,,,,0.000000,Open Long,0.074103
2025-12-08T14:32:46.562Z,NVDA,SELL,0.11,185.1000,20.36,Close Long,,,,0.264110,Close Long,0.001832
2025-12-08T14:33:48.267Z,NVDA,BUY,0.71,185.2400,-131.52,Open Long,,,,0.000000,Open Long,0.011836
2025-12-08T14:33:49.603Z,NVDA,SELL,0.71,185.1900,131.48,Close Long,,,,0.866910,Close Long,0.011833
2025-12-08T14:43:39.722Z,TSLA,SELL,0.067,445.8100,29.87,Open Short,,,,0.000000,Open Short,0.000896
2025-12-08T14:43:40.468Z,TSLA,SELL,0.15,445.8100,66.87,Open Short,,,,0.000000,Open Short,0.002006
2025-12-08T14:43:40.703Z,TSLA,SELL,9.783,445.8100,4361.36,Open Short,,,,0.000000,Open Short,0.130840
2025-12-08T15:03:10.497Z,MSFT,SELL,8,490.0459,3920.37,Close Long,,,,75.335410,Close Long,0.352833
2025-12-08T15:26:15.726Z,PLTR,BUY,5,181.7500,-908.75,Open Long,,,,0.000000,Open Long,0.027262
2025-12-08T15:26:17.947Z,PLTR,BUY,5,181.7500,-908.75,Open Long,,,,0.000000,Open Long,0.027262
2025-12-08T15:26:19.959Z,PLTR,BUY,5,181.7500,-908.75,Open Long,,,,0.000000,Open Long,0.027262
2025-12-08T15:26:21.372Z,PLTR,BUY,5,181.7500,-908.75,Open Long,,,,0.000000,Open Long,0.027262
2025-12-08T15:26:21.979Z,PLTR,BUY,30,181.7500,-5452.50,Open Long,,,,0.000000,Open Long,0.163575
2025-12-08T15:46:01.579Z,TSLA,BUY,10,441.9203,-4419.20,Close Short,,,,38.896600,Close Short,0.397725
2025-12-08T17:02:29.922Z,PLTR,BUY,1.505,180.7900,-272.09,Open Long,,,,0.000000,Open Long,0.008162
2025-12-08T17:02:29.973Z,PLTR,BUY,5.531,180.7900,-999.95,Open Long,,,,0.000000,Open Long,0.029998
2025-12-08T17:02:30.268Z,PLTR,BUY,20.506,180.7900,-3707.28,Open Long,,,,0.000000,Open Long,0.111218
2025-12-08T17:02:31.043Z,PLTR,BUY,0.188,180.7900,-33.99,Open Long,,,,0.000000,Open Long,0.001019
2025-12-08T17:50:13.065Z,MSFT,BUY,0.254,491.2800,-124.79,Open Long,,,,0.000000,Open Long,0.003743
2025-12-08T18:12:57.753Z,TSLA,SELL,4.68,438.6100,2052.69,Open Short,,,,0.000000,Open Short,0.061580
2025-12-08T18:12:58.154Z,TSLA,SELL,2.854,438.6100,1251.79,Open Short,,,,0.000000,Open Short,0.037553
2025-12-08T18:12:58.361Z,TSLA,SELL,2.28,438.6100,1000.03,Open Short,,,,0.000000,Open Short,0.030000
2025-12-08T18:12:58.418Z,TSLA,SELL,0.186,438.6100,81.58,Open Short,,,,0.000000,Open Short,0.002447
2025-12-08T18:18:05.576Z,GOOGL,SELL,7.2,311.9400,2245.97,Open Short,,,,0.000000,Open Short,0.202136
2025-12-08T18:30:13.011Z,MSFT,BUY,0.242,490.8000,-118.77,Open Long,,,,0.000000,Open Long,0.003563
2025-12-08T18:33:55.391Z,GOOGL,BUY,7.2,313.0520,-2253.97,Close Short,,,,-8.006720,Close Short,0.202856
2025-12-08T18:34:58.451Z,NVDA,SELL,0.71,185.4500,131.67,Close Long,,,,1.051510,Close Long,0.011850
2025-12-08T18:35:15.005Z,NVDA,BUY,0.001,185.4300,-0.19,Open Long,,,,0.000000,Open Long,0.000005
2025-12-08T18:35:17.014Z,NVDA,BUY,0.362,185.4300,-67.13,Open Long,,,,0.000000,Open Long,0.002013
2025-12-08T18:35:17.160Z,NVDA,BUY,0.347,185.4300,-64.34,Open Long,,,,0.000000,Open Long,0.001930
2025-12-08T18:39:51.528Z,NVDA,BUY,1,185.8800,-185.88,Open Long,,,,0.000000,Open Long,0.005576
2025-12-08T18:45:05.220Z,NVDA,BUY,0.5,185.5600,-92.78,Open Long,,,,0.000000,Open Long,0.002783
2025-12-08T19:05:56.472Z,GOOGL,SELL,8.32,312.8900,2603.24,Open Short,,,,0.000000,Open Short,0.234292
2025-12-08T19:06:21.243Z,NVDA,BUY,4.42,184.0700,-813.59,Open Long,,,,0.000000,Open Long,0.024407
2025-12-08T19:27:21.945Z,PLTR,SELL,77.73,180.0080,13992.02,Close Long,,,,-108.744060,Close Long,1.259278
2025-12-08T19:27:28.163Z,NVDA,BUY,5.415,184.7200,-1000.26,Open Long,,,,0.000000,Open Long,0.030007
2025-12-08T19:27:29.607Z,NVDA,BUY,4.585,184.7200,-846.94,Open Long,,,,0.000000,Open Long,0.025408
2025-12-08T20:21:09.841Z,TSLA,SELL,10,437.7070,4377.07,Open Short,,,,0.000000,Open Short,0.393934
2025-12-08T20:21:10.345Z,TSLA,BUY,10,437.8859,-4378.86,Close Short,,,,2.720980,Close Short,0.394094
2025-12-08T20:38:08.529Z,XYZ100,SELL,0.4,25567.6558,10227.06,Close Long,,,,-63.037502,Close Long,0.920429
2025-12-08T20:38:10.033Z,NVDA,BUY,5.408,184.6200,-998.42,Open Long,,,,0.000000,Open Long,0.029952
2025-12-08T20:38:12.155Z,NVDA,BUY,5.408,184.6200,-998.42,Open Long,,,,0.000000,Open Long,0.029952
2025-12-08T20:38:12.444Z,NVDA,BUY,5.408,184.6200,-998.42,Open Long,,,,0.000000,Open Long,0.029952
2025-12-08T20:38:13.343Z,NVDA,BUY,0.406,184.6200,-74.96,Open Long,,,,0.000000,Open Long,0.002248
2025-12-08T20:52:49.660Z,PLTR,BUY,5.53,180.9100,-1000.43,Open Long,,,,0.000000,Open Long,0.030012
2025-12-08T20:53:09.015Z,PLTR,BUY,0.076,180.9100,-13.75,Open Long,,,,0.000000,Open Long,0.000412
2025-12-08T21:11:40.291Z,NVDA,BUY,6.451,185.7400,-1198.21,Open Long,,,,0.000000,Open Long,0.107837
2025-12-08T21:11:47.021Z,NVDA,BUY,0.403,185.7400,-74.85,Open Long,,,,0.000000,Open Long,0.002245
2025-12-08T21:11:53.032Z,NVDA,BUY,3.146,185.7400,-584.34,Open Long,,,,0.000000,Open Long,0.017530
2025-12-08T21:39:00.410Z,NVDA,BUY,1.062,188.0500,-199.71,Open Long,,,,0.000000,Open Long,0.005991
2025-12-08T21:39:08.309Z,NVDA,BUY,1.062,188.0500,-199.71,Open Long,,,,0.000000,Open Long,0.005991
2025-12-08T21:39:12.011Z,NVDA,BUY,1.062,188.0500,-199.71,Open Long,,,,0.000000,Open Long,0.005991
2025-12-08T21:48:01.576Z,NVDA,SELL,4.42,189.8700,839.23,Close Long,,,,21.017100,Close Long,0.075530
2025-12-08T21:48:01.576Z,NVDA,SELL,10,189.8400,1898.40,Close Long,,,,47.250000,Close Long,0.170856
2025-12-08T21:48:01.576Z,NVDA,SELL,10,189.8400,1898.40,Close Long,,,,47.250000,Close Long,0.170856
2025-12-08T21:48:01.576Z,NVDA,SELL,16.63,189.8400,3157.04,Close Long,,,,78.576750,Close Long,0.284133
2025-12-08T21:48:39.651Z,NVDA,BUY,1.052,190.0000,-199.88,Open Long,,,,0.000000,Open Long,0.005996
2025-12-08T21:48:39.946Z,GOOGL,BUY,8.32,314.1200,-2613.48,Close Short,,,,-10.233600,Close Short,0.235213
2025-12-08T21:48:40.441Z,NVDA,SELL,5.4,189.9836,1025.91,Close Long,,,,21.986820,Close Long,0.092331
2025-12-08T22:10:19.418Z,XYZ100,BUY,0.5,25670.0000,-12835.00,Open Long,,,,0.000000,Open Long,0.385049
2025-12-08T22:20:13.432Z,NVDA,SELL,1.048,190.5000,199.64,Close Long,,,,4.808224,Close Long,0.017967
2025-12-08T22:20:25.152Z,NVDA,BUY,1.05,190.4900,-200.01,Open Long,,,,0.000000,Open Long,0.006000
2025-12-08T23:01:46.993Z,NVDA,BUY,2.1,190.1800,-399.38,Open Long,,,,0.000000,Open Long,0.011981
2025-12-08T23:08:45.480Z,NVDA,BUY,3.15,190.0100,-598.53,Open Long,,,,0.000000,Open Long,0.017955
2025-12-08T23:08:46.475Z,NVDA,SELL,3.15,189.9916,598.47,Close Long,,,,-0.486350,Close Long,0.053862
2025-12-08T23:25:22.513Z,TSLA,BUY,10,440.4327,-4404.33,Close Short,,,,-22.747090,Close Short,0.396387
2025-12-08T23:33:31.733Z,NVDA,SELL,3.15,189.4400,596.74,Close Long,,,,-2.223900,Close Long,0.053706
2025-12-08T23:33:34.106Z,NVDA,BUY,3.15,189.4400,-596.74,Open Long,,,,0.000000,Open Long,0.017902
2025-12-09T00:34:29.801Z,NVDA,BUY,1.05,189.5800,-199.06,Open Long,,,,0.000000,Open Long,0.005971
2025-12-09T03:22:03.546Z,GOOGL,SELL,3,313.6500,940.95,Open Short,,,,0.000000,Open Short,0.028228
2025-12-09T03:22:04.336Z,GOOGL,SELL,1,313.6500,313.65,Open Short,,,,0.000000,Open Short,0.009409
2025-12-09T04:29:28.750Z,GOOGL,BUY,4,314.0200,-1256.08,Close Short,,,,-1.480000,Close Short,0.113046
2025-12-09T04:46:22.079Z,NVDA,BUY,2,189.4300,-378.86,Open Long,,,,0.000000,Open Long,0.011365
2025-12-09T05:07:16.197Z,NVDA,BUY,0.191,189.3300,-36.16,Open Long,,,,0.000000,Open Long,0.001084
2025-12-09T05:52:17.928Z,PLTR,SELL,5.606,179.7800,1007.85,Close Long,,,,-6.334780,Close Long,0.090706
2025-12-09T06:13:42.032Z,NVDA,BUY,2,189.1900,-378.38,Open Long,,,,0.000000,Open Long,0.011351
2025-12-09T08:13:52.675Z,TSLA,SELL,0.1,438.4300,43.84,Open Short,,,,0.000000,Open Short,0.001315
2025-12-09T08:19:53.009Z,NVDA,BUY,0.191,189.3800,-36.17,Open Long,,,,0.000000,Open Long,0.001085
2025-12-09T08:28:53.022Z,NVDA,BUY,0.191,189.4100,-36.18,Open Long,,,,0.000000,Open Long,0.001085
2025-12-09T08:28:59.774Z,NVDA,BUY,0.12,189.4100,-22.73,Open Long,,,,0.000000,Open Long,0.000681
2025-12-09T08:57:23.045Z,NVDA,BUY,0.191,189.4100,-36.18,Open Long,,,,0.000000,Open Long,0.001085
2025-12-09T09:06:58.034Z,NVDA,BUY,3.51,188.8100,-662.72,Open Long,,,,0.000000,Open Long,0.059645
2025-12-09T09:07:23.095Z,NVDA,BUY,0.192,188.8100,-36.25,Open Long,,,,0.000000,Open Long,0.001087
2025-12-09T09:07:23.497Z,NVDA,BUY,7,188.8100,-1321.67,Open Long,,,,0.000000,Open Long,0.039650
2025-12-09T09:07:25.108Z,NVDA,BUY,7,188.8100,-1321.67,Open Long,,,,0.000000,Open Long,0.039650
2025-12-09T09:25:37.361Z,NVDA,SELL,26.786,188.4673,5048.29,Close Long,,,,-14.456392,Close Long,0.454343
2025-12-09T11:48:47.732Z,NVDA,BUY,7,186.7600,-1307.32,Open Long,,,,0.000000,Open Long,0.039219
2025-12-09T11:48:53.056Z,NVDA,BUY,0.191,186.7600,-35.67,Open Long,,,,0.000000,Open Long,0.001070
2025-12-09T11:49:02.507Z,NVDA,BUY,0.119,186.7600,-22.22,Open Long,,,,0.000000,Open Long,0.000666
2025-12-09T11:49:11.115Z,NVDA,BUY,0.836,186.7600,-156.13,Open Long,,,,0.000000,Open Long,0.004683
2025-12-09T11:49:12.664Z,NVDA,BUY,7,186.7600,-1307.32,Open Long,,,,0.000000,Open Long,0.039219
2025-12-09T11:49:14.073Z,NVDA,BUY,7,186.7600,-1307.32,Open Long,,,,0.000000,Open Long,0.039219
2025-12-09T13:08:44.724Z,NVDA,BUY,2,187.3400,-374.68,Open Long,,,,0.000000,Open Long,0.011240
2025-12-09T13:37:34.691Z,MSFT,BUY,2.993,490.3700,-1467.68,Open Long,,,,0.000000,Open Long,0.132090
2025-12-09T13:37:56.118Z,MSFT,BUY,1.657,490.3700,-812.54,Open Long,,,,0.000000,Open Long,0.024376
2025-12-09T15:01:49.431Z,XYZ100,SELL,0.5,25599.6902,12799.85,Close Long,,,,-35.154900,Close Long,1.151981
2025-12-09T15:51:49.027Z,TSLA,BUY,0.1,446.4700,-44.65,Close Short,,,,-0.804000,Close Short,0.004018
2025-12-09T18:09:49.483Z,TSLA,BUY,1.208,451.8200,-545.80,Open Long,,,,0.000000,Open Long,0.016373
2025-12-09T18:09:51.541Z,TSLA,BUY,28.792,451.8200,-13008.80,Open Long,,,,0.000000,Open Long,0.390264
2025-12-09T20:34:51.642Z,TSLA,BUY,1.112,446.8500,-496.90,Open Long,,,,0.000000,Open Long,0.014906
2025-12-09T20:34:52.249Z,MSFT,BUY,5,491.0600,-2455.30,Open Long,,,,0.000000,Open Long,0.073659
2025-12-09T20:34:55.597Z,TSLA,BUY,1,446.8500,-446.85,Open Long,,,,0.000000,Open Long,0.013405
2025-12-09T20:34:56.310Z,TSLA,BUY,1,446.8500,-446.85,Open Long,,,,0.000000,Open Long,0.013405
2025-12-09T20:34:56.676Z,TSLA,BUY,1,446.8500,-446.85,Open Long,,,,0.000000,Open Long,0.013405
2025-12-09T20:34:57.684Z,TSLA,BUY,3.236,446.8500,-1446.01,Open Long,,,,0.000000,Open Long,0.043379
2025-12-09T20:34:58.300Z,TSLA,BUY,12.652,446.8500,-5653.55,Open Long,,,,0.000000,Open Long,0.169606
2025-12-09T20:55:34.537Z,TSLA,SELL,30,445.8787,13376.36,Close Long,,,,-118.598770,Close Long,1.203871
2025-12-09T21:05:33.516Z,TSLA,SELL,20,445.0678,8901.36,Close Long,,,,-95.284730,Close Long,0.801117
2025-12-10T06:17:28.071Z,XYZ100,BUY,0.8,25682.0000,-20545.60,Open Long,,,,0.000000,Open Long,1.849099
2025-12-10T10:41:26.415Z,NVDA,BUY,5,184.7000,-923.50,Open Long,,,,0.000000,Open Long,0.027704
2025-12-10T11:00:19.365Z,NVDA,SELL,5,185.5500,927.75,Close Long,,,,-4.480000,Close Long,0.083497
2025-12-10T12:52:18.336Z,PLTR,BUY,0.196,184.1900,-36.10,Open Long,,,,0.000000,Open Long,0.001083
2025-12-10T12:52:19.136Z,PLTR,BUY,0.394,184.1900,-72.57,Open Long,,,,0.000000,Open Long,0.002177
2025-12-10T13:16:41.694Z,PLTR,SELL,0.59,184.5900,108.91,Close Long,,,,0.236000,Close Long,0.009801
2025-12-10T15:33:02.048Z,PLTR,BUY,76.3,186.1100,-14200.19,Open Long,,,,0.000000,Open Long,0.426005
2025-12-10T15:49:32.992Z,MSFT,SELL,13.304,479.4200,6378.20,Close Long,,,,-118.698288,Close Long,0.574038
2025-12-10T16:20:54.739Z,XYZ100,SELL,0.8,25604.3329,20483.47,Close Long,,,,-62.133700,Close Long,1.843510
2025-12-10T16:20:55.421Z,NVDA,SELL,24.146,182.8900,4416.06,Close Long,,,,-85.863176,Close Long,0.397445
2025-12-10T16:20:56.153Z,PLTR,SELL,76.3,185.7542,14173.04,Close Long,,,,-27.148620,Close Long,1.275572
2025-12-10T16:28:48.114Z,PLTR,BUY,160.3,187.1000,-29992.13,Open Long,,,,0.000000,Open Long,2.699291
2025-12-10T20:27:22.551Z,PLTR,BUY,0.53,189.3400,-100.35,Open Long,,,,0.000000,Open Long,0.003010
2025-12-10T20:27:24.248Z,PLTR,BUY,0.058,189.3400,-10.98,Open Long,,,,0.000000,Open Long,0.000329
2025-12-10T20:33:19.290Z,XYZ100,BUY,0.5,25820.0000,-12910.00,Open Long,,,,0.000000,Open Long,1.161899
2025-12-10T20:33:21.282Z,TSLA,BUY,98.771,455.9400,-45033.65,Open Long,,,,0.000000,Open Long,1.351009
2025-12-10T21:16:57.680Z,PLTR,BUY,106.4,187.5400,-19954.26,Open Long,,,,0.000000,Open Long,0.598627
2025-12-10T21:35:46.485Z,PLTR,BUY,5.334,187.4700,-999.96,Open Long,,,,0.000000,Open Long,0.029998
2025-12-10T21:44:39.580Z,NVDA,BUY,2.637,181.9500,-479.80,Open Long,,,,0.000000,Open Long,0.043182
2025-12-10T21:44:44.157Z,NVDA,BUY,7,181.9500,-1273.65,Open Long,,,,0.000000,Open Long,0.038209
2025-12-10T21:44:45.694Z,NVDA,BUY,7,181.9500,-1273.65,Open Long,,,,0.000000,Open Long,0.038209
2025-12-10T21:44:47.174Z,NVDA,BUY,7,181.9500,-1273.65,Open Long,,,,0.000000,Open Long,0.038209
2025-12-10T21:44:48.557Z,NVDA,BUY,7,181.9500,-1273.65,Open Long,,,,0.000000,Open Long,0.038209
2025-12-10T21:44:49.989Z,NVDA,BUY,7,181.9500,-1273.65,Open Long,,,,0.000000,Open Long,0.038209
2025-12-10T21:44:54.477Z,NVDA,BUY,7,181.9500,-1273.65,Open Long,,,,0.000000,Open Long,0.038209
2025-12-10T21:44:55.887Z,NVDA,BUY,7,181.9500,-1273.65,Open Long,,,,0.000000,Open Long,0.038209
2025-12-10T21:44:58.253Z,NVDA,BUY,1.72,181.9500,-312.95,Open Long,,,,0.000000,Open Long,0.009388
2025-12-10T21:45:08.287Z,NVDA,BUY,1.643,181.9500,-298.94,Open Long,,,,0.000000,Open Long,0.008968
2025-12-10T21:59:39.749Z,PLTR,BUY,37.42,187.8600,-7029.72,Open Long,,,,0.000000,Open Long,0.210891
2025-12-10T22:06:07.371Z,PLTR,BUY,0.35,187.7300,-65.71,Open Long,,,,0.000000,Open Long,0.001971
2025-12-10T22:12:32.055Z,PLTR,BUY,4.941,187.7500,-927.67,Open Long,,,,0.000000,Open Long,0.027830
2025-12-10T22:12:33.587Z,PLTR,BUY,5,187.7500,-938.75,Open Long,,,,0.000000,Open Long,0.028162
2025-12-10T22:12:35.210Z,PLTR,BUY,5,187.7500,-938.75,Open Long,,,,0.000000,Open Long,0.028162
2025-12-10T22:12:52.607Z,PLTR,BUY,10,187.7500,-1877.50,Open Long,,,,0.000000,Open Long,0.056324
2025-12-10T22:12:53.295Z,PLTR,BUY,10,187.7500,-1877.50,Open Long,,,,0.000000,Open Long,0.056324
2025-12-10T22:12:54.379Z,PLTR,BUY,10,187.7500,-1877.50,Open Long,,,,0.000000,Open Long,0.056324
2025-12-10T22:49:13.533Z,PLTR,BUY,0.8,186.8700,-149.50,Open Long,,,,0.000000,Open Long,0.004484
2025-12-10T22:58:13.209Z,TSLA,SELL,98.771,450.1601,44462.76,Close Long,,,,-570.888820,Close Long,4.001647
2025-12-10T22:58:37.044Z,PLTR,BUY,2.892,187.0600,-540.98,Open Long,,,,0.000000,Open Long,0.016229
2025-12-10T23:08:37.076Z,PLTR,BUY,4.116,187.3400,-771.09,Open Long,,,,0.000000,Open Long,0.023132
2025-12-11T01:05:59.051Z,PLTR,BUY,24.083,186.5400,-4492.44,Open Long,,,,0.000000,Open Long,0.134773
2025-12-11T03:08:58.436Z,XYZ100,SELL,0.5,25401.0000,12700.50,Close Long,,,,-209.500000,Close Long,1.143045
2025-12-11T07:59:53.531Z,MSFT,BUY,2,473.9400,-947.88,Open Long,,,,0.000000,Open Long,0.028436
2025-12-11T07:59:54.157Z,MSFT,BUY,0.032,473.9400,-15.17,Open Long,,,,0.000000,Open Long,0.000454
2025-12-11T07:59:54.282Z,MSFT,BUY,1,473.9400,-473.94,Open Long,,,,0.000000,Open Long,0.014218
2025-12-11T07:59:54.685Z,MSFT,BUY,1.5,473.9400,-710.91,Open Long,,,,0.000000,Open Long,0.021327
2025-12-11T07:59:54.938Z,MSFT,BUY,1,473.9400,-473.94,Open Long,,,,0.000000,Open Long,0.014218
2025-12-11T07:59:55.142Z,MSFT,BUY,1,473.9400,-473.94,Open Long,,,,0.000000,Open Long,0.014218
2025-12-11T07:59:55.776Z,MSFT,BUY,1,473.9400,-473.94,Open Long,,,,0.000000,Open Long,0.014218
2025-12-11T07:59:56.101Z,MSFT,BUY,0.928,473.9400,-439.82,Open Long,,,,0.000000,Open Long,0.013194
2025-12-11T08:15:38.486Z,PLTR,BUY,5,184.3700,-921.85,Open Long,,,,0.000000,Open Long,0.027655
2025-12-11T08:15:42.433Z,PLTR,BUY,5,184.3700,-921.85,Open Long,,,,0.000000,Open Long,0.027655
2025-12-11T08:15:45.768Z,PLTR,BUY,5.422,184.3700,-999.65,Open Long,,,,0.000000,Open Long,0.029989
2025-12-11T08:15:47.083Z,PLTR,BUY,5,184.3700,-921.85,Open Long,,,,0.000000,Open Long,0.027655
2025-12-11T08:15:48.667Z,PLTR,BUY,5,184.3700,-921.85,Open Long,,,,0.000000,Open Long,0.027655
2025-12-11T08:15:49.900Z,PLTR,BUY,49.578,184.3700,-9140.70,Open Long,,,,0.000000,Open Long,0.274220
2025-12-11T08:58:49.441Z,PLTR,BUY,0.43,184.5600,-79.36,Open Long,,,,0.000000,Open Long,0.002380
2025-12-11T09:08:04.605Z,PLTR,BUY,0.47,185.0900,-86.99,Open Long,,,,0.000000,Open Long,0.007829
2025-12-11T10:19:20.963Z,XYZ100,BUY,0.15,25582.0000,-3837.30,Open Long,,,,0.000000,Open Long,0.115118
2025-12-11T11:08:58.435Z,PLTR,BUY,1.7,185.2500,-314.93,Open Long,,,,0.000000,Open Long,0.009447
2025-12-11T13:12:56.293Z,PLTR,BUY,10,185.5200,-1855.20,Open Long,,,,0.000000,Open Long,0.055655
2025-12-11T13:38:13.444Z,PLTR,BUY,8.661,185.0900,-1603.06,Open Long,,,,0.000000,Open Long,0.144275
2025-12-11T14:03:22.193Z,PLTR,SELL,483.485,185.1700,89526.92,Close Long,,,,-784.696155,Close Long,8.057422
2025-12-11T14:39:23.826Z,PLTR,BUY,199.99,183.4600,-36690.17,Open Long,,,,0.000000,Open Long,3.302114
2025-12-11T14:57:58.472Z,PLTR,SELL,199.99,180.8576,36169.72,Close Long,,,,-520.398509,Close Long,3.255270
2025-12-11T15:35:22.514Z,PLTR,BUY,0.004,184.1800,-0.74,Open Long,,,,0.000000,Open Long,0.000022
2025-12-11T15:35:26.186Z,PLTR,BUY,5.43,184.1800,-1000.10,Open Long,,,,0.000000,Open Long,0.030002
2025-12-11T15:35:49.857Z,PLTR,BUY,5.43,184.1800,-1000.10,Open Long,,,,0.000000,Open Long,0.030002
2025-12-11T15:35:50.122Z,PLTR,BUY,43.136,184.1800,-7944.79,Open Long,,,,0.000000,Open Long,0.238343
2025-12-11T16:01:55.506Z,XYZ100,BUY,0.1,25511.0000,-2551.10,Open Long,,,,0.000000,Open Long,0.076533
2025-12-11T16:01:58.385Z,TSLA,SELL,2.262,441.9400,999.67,Open Short,,,,0.000000,Open Short,0.029990
2025-12-11T16:01:58.568Z,TSLA,SELL,14.24,441.9400,6293.23,Open Short,,,,0.000000,Open Short,0.188796
2025-12-11T16:01:58.682Z,TSLA,SELL,3.498,441.9400,1545.91,Open Short,,,,0.000000,Open Short,0.046377
2025-12-11T16:02:00.665Z,NVDA,SELL,5.634,177.4400,999.70,Close Long,,,,-25.409340,Close Long,0.029990
2025-12-11T16:02:01.107Z,NVDA,SELL,5.634,177.4400,999.70,Close Long,,,,-25.409340,Close Long,0.029990
2025-12-11T16:02:04.111Z,NVDA,SELL,5.634,177.4400,999.70,Close Long,,,,-25.409340,Close Long,0.029990
2025-12-11T16:02:04.658Z,NVDA,SELL,4.93,177.4400,874.78,Close Long,,,,-22.234300,Close Long,0.026243
2025-12-11T16:02:05.149Z,NVDA,SELL,3,177.4400,532.32,Close Long,,,,-13.530000,Close Long,0.015969
2025-12-11T16:02:05.227Z,NVDA,SELL,3,177.4400,532.32,Close Long,,,,-13.530000,Close Long,0.015969
2025-12-11T16:02:05.467Z,NVDA,SELL,5.634,177.4400,999.70,Close Long,,,,-25.409340,Close Long,0.029990
2025-12-11T16:02:05.665Z,NVDA,SELL,16.534,177.4400,2933.79,Close Long,,,,-74.568340,Close Long,0.088013
2025-12-11T16:29:33.701Z,XYZ100,SELL,0.25,25442.0000,6360.50,Close Long,,,,-27.900000,Close Long,0.572445
2025-12-11T16:29:34.472Z,PLTR,SELL,54,183.2359,9894.74,Close Long,,,,-50.980720,Close Long,0.890524
2025-12-11T16:39:29.014Z,PLTR,BUY,2.722,183.7600,-500.19,Open Long,,,,0.000000,Open Long,0.015005
2025-12-11T16:48:32.056Z,PLTR,BUY,2.7,185.1000,-499.77,Open Long,,,,0.000000,Open Long,0.014993
2025-12-11T16:48:35.408Z,PLTR,BUY,0.015,185.1000,-2.78,Open Long,,,,0.000000,Open Long,0.000083
2025-12-11T16:56:49.629Z,PLTR,BUY,5,184.5200,-922.60,Open Long,,,,0.000000,Open Long,0.027677
2025-12-11T16:56:49.838Z,PLTR,BUY,0.44,184.5200,-81.19,Open Long,,,,0.000000,Open Long,0.002435
2025-12-11T18:04:10.908Z,MSFT,BUY,0.309,480.9300,-148.61,Open Long,,,,0.000000,Open Long,0.013374
2025-12-11T18:04:11.831Z,MSFT,BUY,2.314,480.9400,-1112.90,Open Long,,,,0.000000,Open Long,0.033386
2025-12-11T18:04:14.718Z,MSFT,BUY,5.837,480.9400,-2807.25,Open Long,,,,0.000000,Open Long,0.084217
2025-12-11T18:12:56.842Z,PLTR,BUY,5.364,186.6600,-1001.24,Open Long,,,,0.000000,Open Long,0.030037
2025-12-11T18:13:00.035Z,PLTR,BUY,0.446,186.6600,-83.25,Open Long,,,,0.000000,Open Long,0.002497
2025-12-11T18:31:35.454Z,PLTR,BUY,5.357,186.6600,-999.94,Open Long,,,,0.000000,Open Long,0.029998
2025-12-11T18:31:35.826Z,PLTR,BUY,82.148,186.6600,-15333.75,Open Long,,,,0.000000,Open Long,0.460012
2025-12-11T18:31:36.876Z,PLTR,BUY,5,186.6600,-933.30,Open Long,,,,0.000000,Open Long,0.027998
2025-12-11T18:31:37.034Z,PLTR,BUY,14.635,186.6600,-2731.77,Open Long,,,,0.000000,Open Long,0.081953
2025-12-11T19:31:43.808Z,GOOGL,SELL,5,312.6800,1563.40,Open Short,,,,0.000000,Open Short,0.046901
2025-12-11T21:35:37.621Z,PLTR,BUY,10.614,188.3400,-1999.04,Open Long,,,,0.000000,Open Long,0.119941
2025-12-11T21:35:37.711Z,PLTR,BUY,28.527,188.3400,-5372.78,Open Long,,,,0.000000,Open Long,0.161182
2025-12-11T21:35:38.232Z,PLTR,BUY,60.859,188.3400,-11462.18,Open Long,,,,0.000000,Open Long,0.343865
2025-12-11T21:51:47.503Z,TSLA,BUY,20,447.8408,-8956.82,Close Short,,,,-118.025636,Close Short,0.806106
2025-12-11T22:32:23.324Z,PLTR,BUY,5,187.3100,-936.55,Open Long,,,,0.000000,Open Long,0.028096
2025-12-11T22:32:24.717Z,PLTR,BUY,5,187.3100,-936.55,Open Long,,,,0.000000,Open Long,0.028096
2025-12-11T22:32:26.061Z,PLTR,BUY,5,187.3100,-936.55,Open Long,,,,0.000000,Open Long,0.028096
2025-12-11T22:32:27.417Z,PLTR,BUY,5,187.3100,-936.55,Open Long,,,,0.000000,Open Long,0.028096
2025-12-11T23:13:16.620Z,MSFT,BUY,3,484.9400,-1454.82,Open Long,,,,0.000000,Open Long,0.043644
2025-12-11T23:55:32.522Z,NVDA,BUY,3,180.3100,-540.93,Open Long,,,,0.000000,Open Long,0.016227
2025-12-12T00:04:05.939Z,NVDA,SELL,8,180.0076,1440.06,Close Long,,,,-10.618960,Close Long,0.129604
2025-12-12T00:32:00.999Z,GOOGL,BUY,5,313.6556,-1568.28,Close Short,,,,-4.878020,Close Short,0.141143
2025-12-12T00:32:12.546Z,PLTR,BUY,0.024,186.8000,-4.48,Open Long,,,,0.000000,Open Long,0.000134
2025-12-12T16:40:40.547Z,PLTR,SELL,5.44,177.6929,966.65,Close Long,,,,-52.284550,Close Long,0.086997
2025-12-12T16:40:40.547Z,PLTR,SELL,100,177.6040,17760.40,Close Long,,,,-969.995590,Close Long,1.598434
2025-12-12T16:40:40.547Z,PLTR,SELL,107.14,177.5900,19026.99,Close Long,,,,-1040.757960,Close Long,1.712429
2025-12-12T17:36:39.419Z,MSFT,SELL,19.92,477.8032,9517.84,Close Long,,,,-15.255720,Close Long,0.856604
2025-12-12T17:36:43.358Z,PLTR,SELL,31.271,182.6098,5710.39,Close Long,,,,-146.790884,Close Long,0.513934